customer_id,first_name,last_name,email,phone,registration_date,customer_segment,lifetime_value,is_active
CUST93810,Thomas,Novak,ronaldwalsh@example.org,626-898-0860x913,2023-02-07,Standard,10150.49,True
CUST87397,ryan,Burns,,001-478-209-6213x1071,2024-12-30,Premium,10740.29,False
CUST38893,laura,BAKER,robinsonadam@example.net,001-297-758-7390x70355,2020-03-26,Standard,5103.76,True
CUST38221,jennifer,Smith,,,2021-09-21,Basic,12106.92,False
CUST80284,Matthew,morales,,931-577-5998,2024-08-20,Basic,10568.58,True
CUST96673,Antonio,sanders,eric66@example.org,416.347.1754,2024-12-20,Premium,6801.15,False
CUST31319,jesus,brown,brian09@example.net,5803337127,2024-05-23,Premium,2567.08,True
CUST31417,matthew,miranda,bryan99@example.org,970-456-1564,2024-07-06,Standard,12642.78,True
CUST40021,William,martinez,alexander46@example.org,,2024-03-15,Basic,7488.47,False
CUST28726,jason,Ellis,georgemiller@example.com,(289)917-2248,2023-05-13,Basic,6426.51,False
CUST57447,Krystal,Morgan,michael89@example.net,,2022-12-11,Premium,2292.62,True
CUST99192,kelly,ACOSTA,,001-447-632-8713x406,2020-06-01,VIP,14566.18,True
CUST99166,TINA,Simon,vatkins@example.com,+1-398-340-0611,2021-05-15,Basic,5102.63,False
CUST66985,Zoe,sandoval,,3812653984,2021-07-21,Basic,11429.43,True
CUST91959,robert,HOLMES,bridgetwarren@example.com,,2021-07-10,Basic,8090.69,True
CUST88504,victoria,yoder,,(396)532-8288x33666,2025-01-26,Basic,3613.07,True
CUST21226,KELLY,hamilton,kiarawheeler@example.net,+1-295-200-5172,2023-04-11,Standard,7129.24,True
CUST44741,RUTH,HAYES,kristencarey@example.com,982-286-3804,2022-11-15,Standard,5984.88,False
CUST67422,KYLE,olson,spenceangela@example.net,(676)430-8322,2020-10-24,,8308.82,True
CUST10942,Jessica,BOYLE,harrismatthew@example.com,422.551.8831x94805,2023-05-13,Premium,1062.86,True
CUST46500,TYLER,cole,kellyrowland@example.net,,2024-09-21,VIP,7094.59,False
CUST34957,Morgan,Floyd,loricalderon@example.org,001-952-210-8751x193,2024-05-30,VIP,10936.14,True
CUST17944,jessica,JIMENEZ,scottjones@example.net,483.933.7347,2025-08-24,Standard,8044.29,True
CUST65296,Katie,johns,thomas89@example.com,216-744-4695,2022-05-29,Premium,12920.24,True
CUST16630,MEAGAN,GARCIA,tammyarcher@example.org,001-402-784-5257x69407,2022-09-16,Standard,7284.62,True
CUST62565,Anna,Kelly,houstonmichael@example.org,001-375-929-6515x65821,2024-06-26,Basic,11776.94,False
CUST65444,FELICIA,EVANS,kmiles@example.com,379.604.8892x869,2023-06-27,VIP,4450.62,True
CUST85914,SHANNON,CHAMBERS,,(596)389-3492x85533,2021-12-28,Premium,7542.76,True
CUST17455,JOHN,Hughes,david47@example.net,,2024-06-22,Premium,3528.06,True
CUST84668,Jessica,HILL,aprilcarroll@example.net,587.645.1606x9670,2021-05-31,VIP,8478.4,False
CUST44179,Samantha,GRIFFIN,martinpatricia@example.org,(403)794-1631x071,2021-10-08,VIP,9682.51,False
CUST51441,Teresa,Trevino,plawrence@example.com,720-705-2291,2024-11-13,Premium,3197.31,False
CUST27361,justin,Miller,nathan68@example.com,476.448.4617,2023-04-25,Standard,8148.27,False
CUST90173,JILL,DAVIS,,474-252-5835,2020-09-08,Basic,1553.8,True
CUST44664,Andrew,Hendricks,allenbrian@example.org,,2020-04-10,Basic,10764.18,True
CUST93130,philip,HILL,coxcarrie@example.com,(227)512-6031x85540,2025-01-07,Premium,6353.64,False
CUST15778,Katherine,rodriguez,timothyroberson@example.net,4497874777,2022-04-11,Basic,6627.53,False
CUST83519,Deborah,Friedman,,+1-835-895-7233,2025-03-04,Standard,12518.93,True
CUST66333,Jenna,Martinez,jamie13@example.org,407.314.9004x9041,2022-07-31,Premium,3151.15,True
CUST97416,Ricky,brown,ygonzales@example.net,+1-925-814-3400x424,2025-05-20,VIP,11242.16,True
CUST31299,Justin,smith,,001-653-658-7773x9872,2020-04-15,Basic,6175.7,True
CUST44970,Bryan,WRIGHT,emma66@example.org,(514)489-0926,2023-10-06,VIP,12248.8,False
CUST55830,andrew,Welch,katherine87@example.net,001-368-663-2589x475,2022-09-14,VIP,12965.29,False
CUST56025,GREGORY,PETERSON,samantha09@example.net,764.550.6307x7714,2023-04-19,Basic,1730.13,False
CUST33405,SEAN,peterson,,699-481-4816,2024-08-15,Basic,4705.16,True
CUST60488,KEITH,Reyes,brandon76@example.org,001-549-529-7483x91965,2022-08-09,Premium,12097.66,True
CUST57739,elizabeth,Ward,rebeccaperry@example.net,982.601.1569x723,2022-01-14,Basic,1869.38,False
CUST76469,kenneth,MOORE,jeffrey86@example.org,795-567-5671x52582,2023-10-29,Basic,2877.6,False
CUST98777,EMILY,Walker,cadams@example.net,436-600-2656,2022-11-08,Premium,3152.74,False
CUST70946,darrell,walker,townsendkathryn@example.com,+1-490-240-7732x248,2025-04-26,Standard,4256.8,False
CUST22240,Laura,JOHNSON,jhall@example.org,554.222.1902x6313,2025-06-20,,3672.64,False
CUST90120,Vanessa,conley,cynthiadaniels@example.org,2294485999,2025-08-25,Standard,5759.68,False
CUST41979,Jermaine,MAYS,kimberly84@example.net,742.803.1208x8565,2023-09-17,Premium,3282.62,False
CUST16582,ADRIAN,Mora,alexandersydney@example.org,,2022-07-18,Standard,10013.67,False
CUST68008,JENNIFER,SCOTT,simonscott@example.org,544.531.6693x26698,2020-12-20,VIP,11154.83,False
CUST68991,jordan,Marshall,brendananderson@example.com,001-684-890-8507,2023-03-17,VIP,4118.96,True
CUST47450,Sarah,rose,longlinda@example.org,664.268.5014x1188,2021-02-26,Premium,3468.92,True
CUST38043,Emily,ellis,bethsolis@example.net,828-592-3866x313,2021-12-12,VIP,12493.37,False
CUST86556,VANESSA,Davis,ericmartinez@example.net,847.223.0699x2506,2022-09-17,VIP,14141.12,False
CUST61116,jennifer,SPENCER,ashleymercado@example.net,+1-952-817-7832,2020-08-24,Standard,4094.03,False
CUST13804,wendy,hernandez,katie70@example.com,817.790.5955x84198,2022-02-24,Standard,13793.12,True
CUST61645,GABRIELA,WILLIS,zlong@example.org,,2020-08-02,VIP,6925.48,True
CUST44099,christina,rodriguez,danielleroman@example.net,918-791-5027,2025-04-07,VIP,14268.06,False
CUST43065,William,henry,,642.613.3198,2020-03-26,Basic,1029.28,True
CUST14067,Derrick,Ward,wkelly@example.org,971.746.3757x7436,2024-12-06,Standard,10041.88,True
CUST70952,LAUREN,walker,natalieharris@example.com,,2025-04-14,Premium,2456.49,False
CUST24168,CATHY,Ho,skinneramanda@example.org,001-518-988-8484x6366,2020-02-22,VIP,10725.22,True
CUST87607,CARRIE,WALL,walshpamela@example.net,853-753-1282x82368,2025-08-23,Basic,9006.17,True
CUST84177,Brandon,palmer,lopezdorothy@example.com,545.283.8758x9374,2022-03-21,Premium,5118.47,False
CUST74251,Nicole,hickman,boydphyllis@example.net,864.895.6715,2021-10-11,VIP,6532.31,False
CUST90728,TROY,anderson,edwin73@example.org,(439)395-3253,2021-09-13,Basic,3682.43,True
CUST46559,samuel,Riggs,longtheresa@example.com,(327)544-6477x2307,2020-09-03,VIP,7414.6,False
CUST33834,micheal,Dunn,jennifer45@example.com,(996)232-6974x205,2022-03-01,Basic,10517.76,False
CUST82848,Leslie,GONZALES,martinezjames@example.net,,2024-10-31,VIP,11372.47,False
CUST94659,CRYSTAL,coleman,ocook@example.com,,2020-05-19,Basic,10376.81,False
CUST97026,JESSICA,osborn,valerielewis@example.net,587-795-0379,2025-03-23,VIP,8255.83,False
CUST69473,tracy,camacho,charlesperez@example.net,,2021-11-06,Standard,11143.22,True
CUST35105,Scott,WALTON,mariemartin@example.com,(958)708-0164,2022-04-02,Basic,12489.43,False
CUST39816,brenda,Wilson,ericmills@example.com,001-697-589-7636x8978,2020-06-03,Standard,14614.42,False
CUST26551,LUIS,padilla,melissaatkinson@example.net,,2022-12-21,Basic,6607.03,True
CUST16734,john,adams,amandacarlson@example.net,,2023-09-14,VIP,9441.69,True
CUST29887,Robin,BROWN,rlee@example.org,,2020-06-02,Standard,11466.65,True
CUST78494,aaron,bass,nwilliams@example.net,2416874608,2020-07-14,VIP,9315.41,True
CUST37235,ROBERTO,Mitchell,tinablack@example.com,,2025-05-17,Standard,1125.97,True
CUST63545,karina,KELLEY,christophersingh@example.org,435.489.8476x27610,2021-11-21,Standard,4240.78,False
CUST19329,JAIME,Short,bowenjames@example.net,711-914-1940x285,2020-11-12,Standard,8168.44,True
CUST44816,Sara,Cross,,558-588-6690,2021-12-04,Basic,7030.47,False
CUST62757,april,ROBINSON,michelle14@example.net,801-211-4609,2024-02-01,Premium,11018.01,False
CUST13390,Trevor,Barton,hannahrobinson@example.org,(845)461-3608x1789,2022-04-04,Premium,10084.22,False
CUST85529,Jonathan,Richardson,christine59@example.net,001-778-211-5469x4303,2020-10-31,Basic,8779.94,False
CUST21959,justin,gill,amy88@example.org,+1-346-378-1802x9587,2020-03-17,Premium,4947.05,False
CUST47777,HERBERT,cherry,cynthiacamacho@example.net,001-983-340-0983x07801,2023-01-28,VIP,3785.98,True
CUST62976,ERIC,Conrad,ruizsamuel@example.org,6323999926,2021-06-08,VIP,7776.59,False
CUST91973,christopher,Martinez,jasmineroberts@example.org,538.645.2086x36676,2025-03-23,Basic,10473.75,True
CUST13783,MELVIN,MARTINEZ,washingtonjennifer@example.net,8919042097,2022-08-19,Basic,8283.77,True
CUST39451,Rodney,martin,osmith@example.net,495-720-2708,2024-03-30,Standard,10749.05,False
CUST64459,david,allison,susankennedy@example.com,(626)824-8197,2025-08-11,VIP,8990.66,True
CUST19150,jon,cooley,mhutchinson@example.org,506.486.8299x98177,2025-05-15,Basic,4242.58,False
CUST86931,ROBERT,SOTO,rodriguezjoshua@example.com,,2024-11-26,VIP,8278.76,False
CUST69682,lori,Harris,juliancameron@example.org,001-720-580-2177x330,2023-07-31,VIP,11633.17,True
CUST51704,MICHAEL,mills,ortizlinda@example.org,657-992-0084,2021-09-22,VIP,11885.9,True
CUST74923,Michelle,Ross,victor29@example.org,001-752-852-4206x052,2024-10-02,Premium,6604.59,False
CUST12011,CHARLES,Rice,lisarogers@example.org,641.244.0698x6151,2020-01-05,Standard,11722.88,False
CUST54375,PATRICK,JACKSON,ellisbrian@example.net,,2022-08-20,Basic,12890.13,False
CUST51505,PAMELA,BAILEY,mary41@example.org,805.647.9296x1787,2020-01-28,Premium,3521.55,False
CUST39817,LISA,Ingram,qmullins@example.org,,2022-01-04,Premium,10410.02,True
CUST16028,shawn,Roberts,naguilar@example.net,423.887.1671,2024-10-13,Standard,6180.78,True
CUST32280,Aaron,Bartlett,brewernicholas@example.org,001-755-891-9799,2020-03-12,Standard,8747.36,True
CUST70443,MARY,evans,martintracey@example.org,+1-818-622-2428x5043,2022-01-09,VIP,10164.16,True
CUST19681,megan,tucker,jasonvargas@example.net,281.734.1774x554,2022-12-28,VIP,6852.54,False
CUST36111,jordan,waters,ohartman@example.com,(726)304-6459x584,2024-09-30,Basic,14890.38,False
CUST12875,LAUREN,carlson,bennettheather@example.net,+1-280-210-6732x57783,2023-02-16,Premium,11177.58,False
CUST40162,DAKOTA,clark,john49@example.net,,2023-01-07,Basic,10813.93,True
CUST92345,Eric,ORR,paulbaker@example.net,(470)804-6666,2025-09-27,,5472.92,True
CUST21813,corey,sanders,vazquezrebecca@example.org,,2021-12-11,Standard,13146.91,False
CUST79579,MARY,cunningham,jeffreybullock@example.com,+1-277-336-6952,2025-01-16,VIP,4427.12,False
CUST25095,dale,Anderson,ojohnson@example.net,3909777712,2024-10-30,VIP,12068.81,False
CUST21836,dawn,Williams,anthony88@example.org,,2025-03-20,Basic,10085.11,False
CUST93695,david,Velazquez,johnsonlarry@example.org,987.704.6473x3337,2020-05-30,Basic,3320.51,True
CUST93283,gloria,ANDERSON,changkenneth@example.com,4932609532,2022-01-08,,558.18,False
CUST25220,Tammy,Moore,kevinkent@example.com,,2020-02-17,VIP,14240.71,False
CUST86983,JOSE,GARCIA,derek30@example.org,(697)975-0360x3477,2021-11-05,Premium,9234.78,False
CUST14288,SUSAN,rivera,donna05@example.com,(988)247-7054x5050,2022-12-22,Standard,1490.32,False
CUST81364,CLAUDIA,gibbs,,001-548-570-4665x09726,2023-02-13,Premium,12362.87,True
CUST96870,Ashley,SMITH,april75@example.com,+1-208-700-4969,2025-08-16,Premium,3653.53,True
CUST84000,Connie,Dennis,ortegalance@example.net,477.316.6504x8838,2023-03-19,Standard,3494.98,True
CUST88116,Barbara,johnson,carolynjackson@example.net,,2023-07-25,Standard,11977.71,True
CUST96646,Angela,Ramos,,+1-621-519-0278,2020-03-07,Standard,236.72,False
CUST16868,Sean,NGUYEN,anewman@example.org,,2021-06-24,Premium,11670.26,True
CUST69245,DANNY,Phillips,timothy98@example.com,,2023-02-27,Basic,14460.39,True
CUST72781,lisa,harris,munozjenna@example.org,(791)945-9657x499,2025-10-23,VIP,1211.86,True
CUST18609,James,hamilton,adamsanchez@example.net,798-790-5625,2021-09-07,Basic,8960.88,False
CUST69469,JENNIFER,HICKS,wjones@example.net,001-424-274-4638x862,2020-11-22,Premium,9763.75,True
CUST66370,marie,Garcia,ksmith@example.net,226-907-2300,2024-09-26,VIP,1426.29,False
CUST50963,AMANDA,dickson,michaeldunn@example.com,,2020-01-29,VIP,12476.58,True
CUST66606,Bryan,BROWN,lindaedwards@example.net,590.848.0481x46526,2025-07-14,Premium,8423.8,False
CUST97819,Elizabeth,evans,olopez@example.net,787.218.0456,2021-11-30,VIP,10815.91,False
CUST88696,melissa,bautista,stacy38@example.org,890-806-9711,2023-05-11,Standard,3363.67,True
CUST55890,JOSEPH,lucas,roblescynthia@example.org,001-585-481-0036x2073,2025-01-30,Standard,12677.33,True
CUST89822,SANDRA,BATES,tchristian@example.org,,2023-05-13,Basic,5265.35,True
CUST28776,EVELYN,FULLER,christophergonzalez@example.com,,2024-03-01,Premium,7957.24,False
CUST65028,brian,ortiz,shawn64@example.org,4463760262,2022-11-23,Basic,8513.9,True
CUST16895,Catherine,Costa,travislisa@example.com,,2025-11-02,Premium,9929.08,False
CUST89570,carol,paul,joseph97@example.com,001-567-481-8404x228,2024-01-05,Premium,1663.35,False
CUST79066,MARCUS,white,,(234)385-3093x839,2020-04-16,,4521.29,True
CUST27987,theresa,moore,phillipsjo@example.org,,2022-07-22,VIP,5703.11,True
CUST75570,JASON,GARCIA,dannythompson@example.net,,2021-03-01,Premium,6896.31,True
CUST51033,AMY,williams,reginaferguson@example.net,789.820.0075,2023-10-30,VIP,6075.48,False
CUST32527,EMILY,jackson,walkerkelly@example.net,+1-769-878-6583,2022-04-30,Premium,1587.95,False
CUST87184,john,WARREN,,511-243-1651x342,2023-12-04,Basic,11686.77,True
CUST76910,KRISTIN,York,pwallace@example.org,,2022-04-04,Basic,14373.35,True
CUST40968,Tony,Mcpherson,claytonmacdonald@example.net,,2022-09-19,Standard,9832.64,True
CUST92306,caitlin,may,ricardo03@example.net,(466)215-5263x4442,2024-03-24,VIP,13230.72,False
CUST92210,christina,Herrera,kimberlygonzalez@example.net,271.449.8942x4993,2023-09-17,Basic,8871.3,False
CUST76497,Paul,aguilar,heidi58@example.net,,2023-02-03,Basic,1150.97,True
CUST90610,ALEXA,MOON,perkinssteven@example.net,895-903-4976x22715,2022-01-24,Premium,12147.24,True
CUST52143,ROBERT,fischer,brenda23@example.org,232-887-2856x07766,2025-04-13,VIP,13486.9,False
CUST21053,YVETTE,JONES,brockemily@example.net,(854)511-7392x195,2023-02-05,VIP,7861.03,True
CUST57696,brenda,vaughan,melissa05@example.net,+1-598-964-3665,2020-07-25,Premium,9709.58,True
CUST53213,Francis,RODRIGUEZ,thomasward@example.org,+1-711-442-9262x9253,2022-03-30,Standard,8741.09,True
CUST55851,kathleen,ALLEN,francesgeorge@example.net,+1-939-452-7389,2025-04-08,Premium,5650.19,False
CUST26750,CAROLYN,WRIGHT,martingarrison@example.org,231-675-2964x6274,2019-12-24,Premium,6351.1,False
CUST12389,laura,copeland,lunarita@example.net,935-675-0409x2782,2023-10-22,VIP,14999.65,True
CUST20114,michael,Quinn,dwright@example.com,586-794-3669x6861,2020-08-14,Premium,13145.89,True
CUST88282,kelly,George,omiller@example.org,001-995-827-9568x9137,2023-05-20,Standard,655.39,False
CUST98652,OMAR,Riley,vrios@example.org,+1-855-631-3291x238,2022-07-25,VIP,3587.53,False
CUST35430,steven,LOPEZ,tanyaharris@example.net,6395191061,2024-10-09,VIP,11671.86,False
CUST31241,Mariah,LOPEZ,lisa66@example.org,9695773418,2024-11-05,VIP,8318.11,True
CUST77621,Brian,lopez,,,2022-10-16,VIP,2210.23,False
CUST22021,Kathryn,lang,amber58@example.net,837-504-2212,2023-12-12,VIP,7530.11,True
CUST60615,Melissa,schwartz,austin51@example.org,001-600-454-9874x64932,2023-12-27,Premium,9749.41,True
CUST28035,Jason,morgan,mthompson@example.com,517.748.8561x877,2021-12-12,Standard,7036.65,True
CUST20384,Kevin,thompson,barneswilliam@example.org,,2021-02-13,VIP,4321.52,False
CUST25970,Jacob,Mitchell,uturner@example.net,5834675139,2021-08-28,VIP,12550.32,False
CUST88215,KATHERINE,Sanders,isabelladuffy@example.net,+1-244-567-5856,2024-08-16,Standard,23.47,False
CUST41531,DEBORAH,walters,joseriley@example.org,(770)984-9461x626,2023-01-07,Basic,7890.89,True
CUST61177,tiffany,Warren,cunninghamjoseph@example.com,853.346.6722,2025-11-08,Basic,5356.41,True
CUST55193,Anthony,FLYNN,paul72@example.net,,2025-04-10,Basic,5284.49,False
CUST94252,Stephen,ANDERSON,jeffrey89@example.org,(315)496-3684,2020-10-19,Standard,946.51,False
CUST14847,anthony,Davis,,,2025-11-02,Premium,4651.14,False
CUST81176,kathy,jones,,(585)360-0679,2025-04-06,Basic,11712.62,False
CUST45811,Patricia,king,sbates@example.com,306-597-5250x6540,2022-05-11,VIP,5799.67,True
CUST75038,APRIL,petersen,berrydaisy@example.org,620-564-4373,2025-02-02,Basic,10906.22,True
CUST66440,SARAH,Wood,owatson@example.com,4759387667,2021-05-08,Premium,4434.6,False
CUST88986,ERICA,jones,ocasey@example.net,6892778806,2024-09-04,,13050.56,False
CUST90589,catherine,hughes,rebecca97@example.org,(655)829-3601x59703,2023-11-19,Premium,9562.69,False
CUST77251,SARAH,MASSEY,ewalker@example.org,,2022-01-22,,1008.5,False
CUST57467,michelle,ROBINSON,,,2021-03-21,VIP,5580.2,True
CUST85225,Sandra,BUCKLEY,cpearson@example.net,372-233-4157,2025-01-14,Basic,1701.73,True
CUST75410,BENJAMIN,koch,djennings@example.com,,2025-01-17,Basic,3218.56,False
CUST74382,Denise,Chambers,willisjill@example.net,,2024-10-17,Standard,6676.67,True
CUST99381,fernando,CARROLL,karaneal@example.com,,2020-05-17,Basic,12770.43,True
CUST57381,PATRICK,Hall,lindaobrien@example.net,696.504.0159,2025-01-11,Standard,7410.33,False
CUST82616,SAMUEL,ortiz,bporter@example.org,+1-668-888-0302x493,2024-05-14,Standard,1293.23,False
CUST62187,KELLIE,JAMES,tonywilliams@example.com,933.684.0149,2024-09-20,VIP,1106.26,False
CUST94192,Christina,ball,tiffany01@example.com,986-339-2405x55287,2023-09-18,Standard,11703.94,True
CUST26912,jeffrey,ROBINSON,reedthomas@example.net,,2021-04-04,Premium,4561.87,True
CUST52291,SHAWN,Waters,erin67@example.com,800.789.6572x80090,2025-05-05,Basic,3759.08,False
CUST26406,GAIL,roman,crystalbridges@example.com,,2020-11-24,Standard,8709.7,True
CUST96341,DESTINY,RUIZ,matthew70@example.net,6293147407,2023-11-16,Premium,425.6,True
CUST94076,BRANDY,mills,nicoleroth@example.org,954.650.4032x25628,2024-05-20,VIP,454.29,False
CUST94136,ivan,powell,andrew46@example.org,001-218-524-5658,2022-08-08,VIP,1094.6,True
CUST30719,gina,pacheco,wgibson@example.org,(565)912-5388x95201,2023-04-18,Standard,10775.44,False
CUST62260,Rebecca,porter,mariabrooks@example.net,,2025-01-21,Standard,4012.08,True
CUST28465,Alyssa,Parker,ucollier@example.com,+1-962-212-8127x198,2020-12-18,VIP,12979.61,True
CUST52917,ADAM,HERNANDEZ,ldavenport@example.net,(696)218-5136,2021-03-11,VIP,7002.23,False
CUST75191,Kristin,Raymond,caitlinhutchinson@example.org,(488)996-7830x53314,2024-01-25,Standard,5293.43,True
CUST46877,kathryn,BANKS,marshallallison@example.org,826-654-8279x1747,2022-09-26,VIP,122.66,True
CUST66482,Antonio,cox,alexis29@example.net,291.675.3833x9476,2022-12-15,,767.37,True
CUST57516,CHRISTOPHER,franco,,562-980-7066x19678,2024-01-27,Basic,9348.62,True
CUST26864,Shawna,sanders,reedjames@example.com,496-695-2447x4163,2022-11-08,Basic,2985.87,False
CUST75546,Dennis,Goodwin,,(944)536-3043,2019-12-14,VIP,2234.11,True
CUST52987,MARY,morris,washingtondaniel@example.org,899.981.1402x556,2025-04-17,Basic,7609.72,False
CUST83783,barbara,dalton,jared91@example.com,749.871.5538x14096,2020-03-25,Premium,8755.53,True
CUST88238,richard,kline,tdawson@example.net,849-273-2745,2021-11-29,Standard,8752.85,True
CUST78712,DENNIS,ABBOTT,patricia13@example.org,001-997-485-9325,2025-06-21,Standard,3632.95,True
CUST35006,Shawn,sanders,barrnorma@example.com,,2021-04-28,Standard,11624.58,False
CUST18163,BILLY,Williams,stephen56@example.com,618-910-3053x4637,2020-12-17,VIP,4706.29,True
CUST70249,DYLAN,murray,mkelly@example.com,379.397.4131x283,2023-06-15,Basic,2883.96,True
CUST46569,BRIANNA,gibson,ibarker@example.org,769.432.1672x57473,2021-01-05,Basic,10573.51,False
CUST51555,ronald,meyer,milleralan@example.net,(581)602-2777,2024-08-12,Basic,8602.15,False
CUST61712,zachary,Conner,ylucas@example.org,963-261-1788,2022-11-19,Premium,6635.64,False
CUST72793,Cynthia,Meyer,lmurray@example.net,480.293.5556,2020-09-02,Basic,9235.16,True
CUST41779,John,MOSLEY,anthonycox@example.org,001-740-623-2484,2020-12-09,Standard,6199.52,False
CUST23178,VICTORIA,Jones,,879.295.2543,2025-05-21,Standard,14025.48,False
CUST72580,LINDSEY,Jones,cruzaaron@example.net,(545)849-9555,2025-07-20,Basic,13619.05,True
CUST95498,LAUREN,Cox,piercemitchell@example.org,524-680-9875x158,2025-07-02,Premium,2625.97,True
CUST14763,shelley,adkins,dawnwaters@example.net,+1-484-322-6253,2019-12-16,Basic,139.01,True
CUST53914,david,tucker,snicholson@example.net,001-354-894-9805x324,2023-01-13,VIP,2013.0,False
CUST45761,Valerie,Rivera,brittany77@example.net,001-448-402-7268x63019,2024-05-24,Basic,211.26,False
CUST48669,DANIEL,OROZCO,asantos@example.net,,2025-07-06,VIP,7729.21,True
CUST62538,CINDY,Webster,hallregina@example.net,,2021-07-13,Basic,102.45,False
CUST40870,courtney,medina,owenvanessa@example.com,837.233.9675,2023-05-10,Premium,5393.28,True
CUST18142,SHELLY,Francis,greenjeffrey@example.com,,2025-05-01,Basic,9580.67,False
CUST58174,SARAH,Brown,cindygraham@example.net,,2021-03-23,Standard,14832.57,False
CUST64505,JULIE,ROTH,sarahbradford@example.org,947.652.9574x18903,2021-02-01,Standard,10205.13,True
CUST78879,steven,RAMSEY,bbaldwin@example.net,,2024-03-18,Premium,8214.74,True
CUST85065,RICHARD,Rodriguez,qweber@example.org,(556)288-7938x5659,2023-08-23,VIP,3081.02,False
CUST21919,ELIZABETH,wiley,nwall@example.org,663.314.6110x18643,2021-09-07,VIP,866.05,False
CUST98181,wendy,SMITH,,596.539.2058x1781,2020-04-15,Premium,8674.67,True
CUST65534,lori,ANDERSON,,001-645-706-7860x6368,2020-11-13,Premium,7081.07,False
CUST63591,Daniel,Wilson,taylorjudith@example.org,+1-664-787-6311x2807,2025-11-18,VIP,13370.0,False
CUST59479,jason,Myers,hclark@example.com,7443183218,2022-10-23,Standard,5216.55,True
CUST80419,roger,LONG,albertgreen@example.com,(217)413-0382,2020-05-19,Premium,14677.36,False
CUST98276,JOSHUA,NELSON,wucynthia@example.net,429.483.9367,2020-06-15,Standard,5192.4,False
CUST34704,AMANDA,Simpson,,(970)791-9095,2023-01-06,Premium,1009.36,True
CUST68515,JACOB,BRYANT,teresa95@example.net,,2024-09-29,Premium,3515.09,True
CUST17398,Jacqueline,KENNEDY,klinetammy@example.org,947-421-5698,2021-03-19,Basic,11588.07,False
CUST41051,gwendolyn,Wright,bhubbard@example.com,001-933-449-8138x5256,2021-12-31,VIP,914.36,True
CUST92050,THERESA,cruz,singhcrystal@example.net,,2022-04-10,Basic,10070.14,False
CUST64568,alison,Bond,martinhowe@example.org,,2022-02-23,VIP,3380.17,True
CUST70689,Anthony,BURNS,hernandezstephanie@example.com,001-577-837-4984x90619,2023-07-04,Standard,3824.93,False
CUST94765,Sara,moss,amanda12@example.com,,2024-02-02,Standard,5657.52,True
CUST19539,Cheryl,MOYER,drodriguez@example.org,377-522-1017x54080,2021-12-25,VIP,13605.49,False
CUST12009,Jennifer,Short,nathan01@example.net,,2023-10-24,VIP,10434.39,True
CUST61987,Clarence,MAYS,pjones@example.org,+1-409-561-1763x933,2021-03-11,VIP,5388.89,False
CUST57139,JOHN,hunt,michael45@example.com,6567372167,2025-11-22,VIP,4803.5,True
CUST58589,april,meyer,,380.932.3166x217,2024-07-24,,8299.67,False
CUST48691,Cheyenne,Jones,darryl84@example.org,001-419-290-4090x36646,2021-05-22,Standard,9819.12,False
CUST43728,crystal,WILSON,smithjeffrey@example.net,311.558.8402x689,2023-12-21,Standard,5282.64,True
CUST81636,megan,Singleton,markberg@example.net,6302296970,2021-10-25,Premium,12586.03,True
CUST97584,Danielle,Wilson,anne70@example.org,+1-575-228-4165x71458,2022-12-21,Standard,2265.44,True
CUST76287,natasha,moreno,,+1-527-917-3067x62436,2022-02-03,VIP,235.98,False
CUST11553,Julie,CLARK,rachelroy@example.net,234.455.8642x5304,2025-01-07,,12197.36,False
CUST33496,Tommy,Hodges,jeremyzhang@example.net,+1-618-635-1436x886,2020-06-18,Basic,4009.87,False
CUST20357,jennifer,erickson,wendybarnes@example.net,784.859.7050,2024-10-13,Standard,12420.93,True
CUST95686,ROBIN,Mcdaniel,,559-569-3089,2025-03-28,VIP,141.75,True
CUST20837,monica,everett,amandamelendez@example.net,785-753-8627,2025-11-15,Premium,13787.28,True
CUST37710,WILLIAM,GOLDEN,ugeorge@example.com,,2022-06-25,Premium,4205.6,True
CUST33508,mark,Taylor,martinezmichael@example.org,664.872.8652x8434,2024-07-29,VIP,4489.15,True
CUST84277,joshua,JOHNSON,kellyadam@example.net,408.426.5934x2870,2020-10-22,Standard,10339.66,True
CUST75639,ANDREA,lewis,,001-645-988-8146,2022-04-25,Premium,11535.08,False
CUST52778,Aaron,GATES,mbenjamin@example.com,(996)412-1745x1361,2024-10-14,VIP,8295.57,False
CUST66603,Carlos,ROBERTS,brian55@example.org,663-964-3174,2024-12-25,Basic,10696.63,True
CUST45123,Lisa,leach,qwatkins@example.net,(608)312-0792x0114,2022-06-24,VIP,1598.26,True
CUST50405,timothy,hunt,eelliott@example.com,,2023-05-16,Premium,6732.66,False
CUST23538,Jade,Curry,seanosborne@example.com,,2024-04-06,Basic,185.11,False
CUST60829,Kelly,CARRILLO,millerangela@example.org,+1-279-486-4305x493,2022-07-30,Standard,2543.74,False
CUST32216,Robert,wise,veronica84@example.com,+1-714-929-7181x34419,2022-07-21,Premium,4139.43,False
CUST73469,Roberta,johnson,cooperjerry@example.com,+1-463-334-2578x3404,2021-02-17,VIP,2933.22,True
CUST27758,jennifer,Norman,warrenclay@example.org,001-437-890-4937x3225,2025-05-31,VIP,4943.13,False
CUST66441,JONATHON,RANGEL,johnsonmark@example.org,001-479-838-2881x9694,2024-06-25,Standard,2664.56,False
CUST51830,paul,TUCKER,uchang@example.org,484.406.6712,2020-09-08,Standard,4204.5,False
CUST57843,Linda,OCONNELL,ywilliams@example.org,+1-842-423-7143x00017,2020-05-01,Standard,8251.49,False
CUST37479,alexis,lawrence,johnsonlaura@example.com,,2023-12-02,VIP,2087.69,False
CUST41722,david,GRIFFIN,amberoconnor@example.org,001-661-939-9371x01312,2024-08-30,VIP,14860.51,False
CUST86315,diamond,FLETCHER,igreen@example.net,854.516.6358,2023-05-06,VIP,11860.81,False
CUST80373,MEGAN,REED,brian04@example.org,,2021-09-29,Standard,5325.13,True
CUST83822,ANDREW,WILLIAMS,williamrandall@example.net,336-665-2971,2024-02-25,Basic,6456.83,True
CUST22924,joel,Patel,christinebrown@example.com,858-725-5603,2024-12-08,Standard,5867.01,True
CUST55215,Alejandra,shaffer,jeffery60@example.org,(626)712-8330x09458,2025-08-06,Premium,14110.14,True
CUST55656,sharon,lambert,brownkyle@example.org,001-654-972-4293x3121,2020-09-28,VIP,1464.35,False
CUST51800,David,powell,,001-612-533-7536,2023-02-17,Premium,9719.55,True
CUST41970,WILLIAM,Arnold,petersdiana@example.org,382-292-8379x362,2019-12-04,VIP,3477.83,False
CUST92543,Paul,Scott,heather77@example.org,4096430267,2025-08-22,Premium,13246.46,False
CUST87621,stephen,gutierrez,,745-690-9350x55292,2023-06-04,Basic,12130.95,True
CUST85674,Daniel,WELLS,smithmicheal@example.com,4925957967,2024-07-02,VIP,10060.52,False
CUST79168,DANA,perez,cassandra72@example.net,+1-908-652-9496x3770,2020-12-19,Premium,12682.77,True
CUST98288,AUSTIN,willis,jennifer07@example.com,(236)423-7071,2021-07-12,Standard,3578.59,True
CUST33992,andre,ONEILL,jacobsmarcus@example.org,674-535-8110x83989,2025-10-18,Standard,6345.58,False
CUST93296,CAROLYN,ORTIZ,chamberspamela@example.net,001-526-251-4714x5542,2021-08-11,Standard,7344.63,True
CUST34523,kristin,bowen,lopezmichael@example.com,391.717.3471,2021-09-15,Premium,2926.93,False
CUST83607,MARY,ADKINS,fkeller@example.com,7876969474,2025-01-25,VIP,6657.78,True
CUST20835,MELISSA,Ellis,cgray@example.org,001-644-226-3672x0855,2022-10-15,Premium,8064.13,True
CUST69942,PAUL,VAUGHAN,olivereugene@example.net,+1-777-788-9237x63047,2023-06-01,Premium,4018.33,False
CUST81046,Kayla,WARE,matthewschmidt@example.com,279-739-6079,2025-05-29,VIP,12451.06,True
CUST49021,Michelle,lewis,williamsthomas@example.org,+1-682-753-4992,2024-06-27,Premium,14909.37,True
CUST37509,KIMBERLY,BROWN,jesus71@example.com,853-967-4630x761,2022-06-30,VIP,2088.52,True
CUST37124,David,PEREZ,fhall@example.net,(883)344-9075x74604,2020-12-19,Standard,10560.81,False
CUST85069,nicholas,VAZQUEZ,fwelch@example.org,001-805-525-1587x95287,2025-07-19,Premium,11251.41,False
CUST17770,christopher,GARCIA,craigthompson@example.com,824-747-8869,2025-08-04,Standard,4831.45,True
CUST98635,jessica,ponce,conleythomas@example.net,+1-800-371-7591,2020-07-16,VIP,1132.74,True
CUST62802,CYNTHIA,LEE,karldonovan@example.com,615.710.5723,2019-12-28,Basic,7320.67,True
CUST22208,KEITH,pierce,kellycooper@example.net,436.525.8224x714,2022-05-14,Premium,5965.74,False
CUST37767,joanna,perkins,danielbush@example.net,+1-543-271-1871x13374,2025-06-06,Standard,7280.07,False
CUST99463,Douglas,Underwood,,274-651-5133x2703,2020-02-26,,13941.49,True
CUST67840,hannah,Jones,yphillips@example.com,(358)726-6617x732,2024-10-04,Standard,4527.98,False
CUST22234,CHRISTOPHER,gibbs,ianstuart@example.org,001-532-404-1770x38307,2023-06-08,Standard,9384.06,True
CUST66260,RICK,White,iday@example.net,,2020-02-12,VIP,8905.19,False
CUST11217,Wendy,RICE,kimberlyschmitt@example.com,,2025-04-30,VIP,7165.5,True
CUST60209,Benjamin,RICE,alvarezcheryl@example.com,,2025-10-15,Basic,2056.94,True
CUST94092,DIANE,Robbins,,+1-442-218-1739x154,2020-05-08,Standard,10836.48,True
CUST63963,WILLIAM,GARRISON,michaeljenkins@example.org,(977)372-9491x040,2021-04-26,Premium,1847.36,False
CUST56076,stacey,rose,bowersdarius@example.net,335-957-4060,2025-07-25,Premium,9014.99,False
CUST13515,DIANE,price,davidjones@example.com,+1-464-289-9150x397,2025-05-17,Standard,4433.13,True
CUST41370,zoe,calderon,zacharymartinez@example.com,(211)301-7805,2021-12-03,Premium,14665.45,False
CUST51480,Marcus,rush,theresahanson@example.net,+1-338-961-3630x693,2020-08-22,Basic,2591.55,False
CUST19567,Dustin,POWELL,,262.401.2058,2020-01-22,Premium,14230.2,False
CUST76402,steven,LITTLE,williamsgregory@example.net,+1-333-791-0110x9349,2025-07-30,VIP,1236.42,True
CUST46368,Daniel,martinez,,235-756-4262x76615,2022-10-01,Standard,5860.97,True
CUST50654,SHERRI,chavez,stephaniemelendez@example.net,353-274-2195x6965,2024-09-21,Premium,13869.42,True
CUST69424,LUIS,HOOVER,,664.896.1684,2023-02-14,Standard,10618.51,True
CUST31473,catherine,peterson,wwells@example.com,(702)813-3763,2020-02-23,Basic,1903.96,False
CUST25473,Peter,sanchez,marcher@example.com,(331)466-4483x15989,2020-12-19,Premium,14625.76,True
CUST75031,angela,LEE,hcook@example.org,(836)309-2168x524,2021-07-14,Standard,3826.74,True
CUST85223,ANDREW,STEWART,dalton37@example.com,(804)470-9645x8781,2024-02-11,,12943.93,True
CUST16026,james,smith,nicholas39@example.org,,2024-10-03,Premium,13709.22,False
CUST39427,alyssa,Villarreal,sandra60@example.com,499.250.6036,2023-12-12,Basic,8573.04,True
CUST75803,BARBARA,Johnson,meadowssheila@example.net,250-487-3076,2023-02-18,Premium,1033.9,False
CUST47002,sean,craig,,760.821.4634,2023-07-09,Basic,8457.1,False
CUST91620,Nicholas,randolph,roseveronica@example.org,772-299-7335,2020-07-24,Standard,8198.39,True
CUST29735,Tiffany,jackson,,416.485.5498x05344,2022-12-16,Premium,21.93,False
CUST50306,Beth,Leonard,joshuaramirez@example.org,671-322-2358x333,2022-06-22,VIP,14588.39,True
CUST46677,Melanie,Taylor,tracy80@example.com,(565)955-5524x76301,2023-11-03,VIP,5587.38,True
CUST86122,Becky,JOHNSON,oliverjoseph@example.com,(595)430-2753x6852,2023-04-26,Premium,934.24,True
CUST41034,rose,scott,katiecox@example.net,+1-737-935-2380,2025-10-09,VIP,11030.29,False
CUST69343,cynthia,Harrell,,822-672-6740x954,2024-12-29,Premium,2465.62,False
CUST51160,christine,Rodriguez,moorematthew@example.org,985.865.5090x3977,2025-01-29,Standard,6950.2,True
CUST21851,Chris,WILLIAMS,coxheather@example.org,4163707997,2025-10-24,Premium,12848.6,True
CUST21955,JOHN,Thompson,toddmoreno@example.org,998-652-2432,2022-08-29,Premium,3902.5,True
CUST14073,carla,thompson,christinafowler@example.org,378.572.0413x965,2022-01-19,Premium,12058.45,True
CUST25919,Emily,Richardson,blacknancy@example.com,001-224-657-8042x0499,2025-05-21,Standard,6008.73,True
CUST86326,CHRISTIAN,barker,paynedavid@example.org,,2020-05-01,Premium,9689.8,True
CUST22055,ann,Miller,,+1-838-586-6421x88497,2024-08-25,Standard,6497.35,False
CUST75028,Susan,hines,zachary78@example.net,,2021-08-02,Standard,4124.73,False
CUST29481,Mark,CUMMINGS,vberry@example.com,929.834.8820,2020-04-24,Basic,13241.68,False
CUST17992,Cameron,wagner,rogerstheresa@example.org,288.664.8602x684,2020-07-08,Standard,12032.52,True
CUST60134,BRIDGET,jensen,brandi72@example.net,+1-468-558-0320x08769,2021-10-24,Basic,7535.9,False
CUST45446,Anthony,Jimenez,marythompson@example.com,+1-635-787-2244x408,2022-07-27,Basic,14872.97,False
CUST86544,Dustin,Cruz,ochen@example.com,+1-697-626-0052x80543,2025-11-07,Basic,11868.56,True
CUST38758,JOANN,pena,lindsay37@example.com,259.855.8409,2025-04-11,Standard,8887.79,False
CUST87537,Stacey,LOPEZ,sarah83@example.org,+1-835-759-7766x962,2023-05-23,Standard,2823.5,False
CUST81057,paula,Carr,cummingsjose@example.net,,2023-07-12,Standard,298.92,False
CUST10089,kelly,SHAW,ericharding@example.org,,2020-08-06,Standard,12664.26,False
CUST17806,Michael,Smith,christopher98@example.com,(543)209-6918,2023-11-05,Premium,12910.04,True
CUST58967,CHRISTOPHER,BANKS,stephenmanning@example.org,,2023-10-30,Basic,14637.91,False
CUST93789,jacqueline,ZAMORA,orrkristina@example.net,+1-299-804-7701x35360,2021-09-29,Basic,8834.25,True
CUST59595,christopher,GUZMAN,brian98@example.net,,2022-05-27,Premium,14230.47,False
CUST84381,Joseph,Ortiz,melissa39@example.org,001-376-461-8762x1339,2020-01-13,Standard,1561.65,False
CUST28434,natalie,SANCHEZ,,(368)685-8428,2022-03-20,Basic,13279.8,True
CUST97821,FRANK,WOOD,justin93@example.com,001-707-734-8361,2023-05-16,Basic,10397.64,False
CUST43640,Kelly,MOORE,,309-724-7047x668,2023-08-03,VIP,13268.28,False
CUST59638,linda,HURST,mcclurerichard@example.com,001-535-688-5442,2022-06-17,Standard,1105.64,True
CUST48654,Lisa,flores,welchjenny@example.com,,2021-08-21,Basic,5631.87,True
CUST81702,Kyle,tapia,donald57@example.net,3982701533,2024-07-25,VIP,6469.85,True
CUST89602,adam,Robinson,,797-708-4006x42358,2024-03-24,Standard,8311.69,False
CUST96585,matthew,miller,lmcgrath@example.com,,2020-04-07,VIP,5412.43,False
CUST21485,kevin,YOUNG,qnolan@example.net,(356)235-8455,2022-04-30,,2562.48,False
CUST20739,tara,Rodriguez,benjamin82@example.net,7472659320,2021-06-01,VIP,3975.07,False
CUST34232,jeremy,benjamin,reginaldlopez@example.com,457.397.6343,2023-04-17,Basic,3951.01,False
CUST83956,William,Lopez,hcoleman@example.org,(436)597-2289x60835,2025-02-01,Premium,12122.7,False
CUST87296,David,COLLINS,,2236611098,2024-10-19,VIP,10306.02,False
CUST85066,Amy,mcdaniel,fpeters@example.net,+1-436-576-7582x4421,2020-01-20,Premium,13506.83,True
CUST25765,darren,Lewis,coxelizabeth@example.org,,2023-04-15,Standard,1892.79,False
CUST20271,RANDY,salinas,taylor99@example.org,+1-442-390-4515x3419,2023-12-02,Standard,3868.3,True
CUST21406,christopher,CARROLL,kmartin@example.com,925-505-4654x78927,2025-06-10,Basic,13757.43,True
CUST91665,JESSICA,MCDOWELL,christinehoward@example.org,,2024-03-28,Standard,8819.01,True
CUST23845,ERIC,Fischer,joannasingleton@example.net,001-608-269-6456,2024-05-26,Basic,3962.05,False
CUST84976,KAYLA,gonzalez,,+1-981-490-7570x4921,2020-09-19,Standard,10212.19,False
CUST15083,troy,nunez,mariasmith@example.com,,2025-02-26,VIP,13455.47,True
CUST54284,eric,rivera,jennifergonzalez@example.org,346-288-4523x4276,2024-06-02,Premium,3419.36,False
CUST68079,russell,edwards,abigail82@example.com,+1-762-569-2282x6170,2025-05-22,Premium,3170.86,False
CUST73499,ROBIN,davis,finleyteresa@example.org,+1-760-323-5856x27130,2024-10-24,Standard,10643.54,False
CUST27779,JOSHUA,WAGNER,,,2020-08-03,Standard,3742.35,False
CUST16626,lauren,MATTHEWS,robertpowers@example.org,(251)930-5694,2023-02-14,VIP,9531.15,True
CUST99282,Karen,Cook,davidking@example.net,504-693-3513x9282,2021-08-13,Standard,7118.73,False
CUST55121,Christine,torres,marcialee@example.org,845.521.8791,2021-05-16,,744.77,True
CUST39012,BRANDON,Kelly,cookchristopher@example.net,+1-987-863-7589,2025-09-08,VIP,12969.45,True
CUST72140,Ashley,DAVIS,carriedixon@example.org,672.880.9394,2023-06-07,Standard,12076.28,False
CUST94245,katherine,scott,michaelproctor@example.org,4204076979,2022-10-24,VIP,7000.47,False
CUST86609,Jermaine,Sosa,xbrooks@example.com,9685327425,2021-07-10,Basic,8906.59,False
CUST49121,ROBERT,Griffin,maryclayton@example.com,+1-915-736-1917,2021-05-10,Basic,12922.37,False
CUST95998,ROBERT,GLOVER,patriciapena@example.net,,2025-06-28,Standard,12081.45,False
CUST96577,jeremy,VALENCIA,romeroashley@example.net,,2022-04-16,VIP,3891.39,False
CUST63031,christina,LEACH,,+1-728-827-4470,2025-08-23,Standard,10700.54,False
CUST98063,matthew,MIRANDA,christine39@example.com,,2023-10-21,Standard,7061.71,False
CUST83273,Sarah,JACKSON,dholland@example.net,217-269-7348,2020-05-17,Standard,11163.15,False
CUST65112,mackenzie,lucas,hardinsydney@example.com,+1-948-850-8748x7393,2023-06-23,Premium,12995.9,True
CUST71894,Jeff,MILLER,juliehayes@example.com,+1-231-707-0556x13227,2023-07-25,Basic,13062.74,True
CUST28004,Christine,allen,zcolon@example.net,001-726-963-5082x63792,2020-02-07,VIP,12935.91,True
CUST20592,shaun,gardner,woodloretta@example.net,,2020-07-17,,4102.92,True
CUST85534,Brenda,wright,ramirezemily@example.com,936.677.0704,2024-08-20,Standard,9502.31,False
CUST66233,tammy,holt,,684-722-5272x285,2021-10-26,Basic,13380.1,True
CUST12348,DANIEL,Fowler,rprice@example.net,(318)290-1577,2020-05-14,Basic,1540.62,False
CUST31891,Gregory,Nash,imunoz@example.net,991-818-2738,2021-07-01,Basic,10301.7,True
CUST54922,alicia,ballard,meadowsmiranda@example.net,,2021-04-25,,3364.82,True
CUST37681,BRETT,Frank,woodsamantha@example.net,,2023-06-16,Basic,11881.91,False
CUST93928,christopher,THOMPSON,caleb76@example.org,001-395-605-2373x751,2025-09-25,Premium,9803.51,True
CUST16322,DIANE,Vazquez,tammiepittman@example.org,657.706.5791x6766,2020-09-02,Basic,2296.91,True
CUST49467,ian,MORENO,pattonjennifer@example.net,5499744368,2021-05-07,Standard,13479.33,True
CUST47054,Nichole,Lester,scott90@example.org,(679)661-5000x1266,2022-11-22,Basic,14596.8,False
CUST63707,robert,Carpenter,,+1-518-475-9813x0062,2021-03-03,Standard,7209.96,True
CUST10358,Erica,WRIGHT,,,2024-10-17,VIP,1351.24,True
CUST23276,melissa,CAMPBELL,delacruznicholas@example.net,929-981-5230x3313,2022-04-09,Basic,751.2,True
CUST15170,rebecca,harris,vross@example.com,+1-879-883-2199x81598,2021-10-13,Premium,11373.06,True
CUST11267,Russell,SIMPSON,monica53@example.org,(896)293-9636x9127,2021-01-04,VIP,4024.64,True
CUST58840,kristin,Brown,johnsonlawrence@example.net,001-275-951-1345x778,2020-03-19,VIP,5785.73,False
CUST65278,KRISTIN,Davis,uwhitaker@example.org,001-465-897-7428x626,2024-10-20,Premium,12665.25,True
CUST64529,WILLIAM,odom,alexis21@example.org,(933)394-4291x9684,2024-02-16,Standard,11687.46,True
CUST99714,THOMAS,Powell,moyerbrian@example.com,853.956.6363,2020-03-02,VIP,950.04,False
CUST11620,HEATHER,BRYAN,christophermorales@example.net,406-260-9946x08473,2023-01-18,Standard,10047.67,False
CUST78039,RACHEL,GUTIERREZ,danielschroeder@example.org,,2022-04-17,Standard,9955.66,False
CUST29484,JOHN,HUGHES,,+1-934-216-6442x44210,2020-08-08,Standard,7039.33,False
CUST31679,Lisa,schneider,kathleen67@example.org,(240)564-4133,2020-07-29,Basic,3340.6,False
CUST62858,Toni,Thompson,hramos@example.com,+1-593-724-4270,2024-10-31,VIP,7476.84,False
CUST25559,eric,PRICE,brittanyphillips@example.com,,2025-02-24,,8236.48,True
CUST89194,KENNETH,BAKER,munozsheri@example.org,+1-495-905-9108x8994,2024-12-13,Standard,6843.12,False
CUST57624,Brian,Stein,cturner@example.net,(653)880-2597x39423,2020-08-10,VIP,5449.42,False
CUST24945,Anthony,PENA,hsandoval@example.org,328-214-3078,2023-05-14,Basic,5608.36,True
CUST16000,Sheryl,jones,deborahhobbs@example.com,+1-323-249-5896x1836,2021-05-25,VIP,9162.78,True
CUST25826,lori,Bautista,jamesphillips@example.org,614-837-3238x2077,2024-11-10,Basic,6217.06,True
CUST69048,amanda,CARSON,andrew41@example.net,+1-512-910-7614x35698,2021-11-26,,11043.21,False
CUST86692,alex,SWEENEY,ucollins@example.org,238.849.6017x88897,2020-10-27,Standard,1925.73,False
CUST96182,RITA,CAMPBELL,butlershelly@example.net,001-969-603-7551x166,2024-10-05,VIP,9134.91,True
CUST45860,mark,robinson,brandonthompson@example.com,+1-561-938-1953x313,2022-12-11,Standard,9037.87,False
CUST81802,gabrielle,CONTRERAS,rhonda15@example.com,001-478-699-8912x67588,2020-09-26,Standard,9362.51,False
CUST99995,michael,CROSS,pattersonderek@example.net,+1-212-639-0713x93952,2022-03-30,Standard,10414.68,False
CUST25126,ronald,DOMINGUEZ,brianthomas@example.org,323-852-5476x824,2021-09-17,VIP,13407.99,False
CUST65363,William,JIMENEZ,bdean@example.org,+1-354-809-8000x1311,2021-09-03,Premium,2998.54,True
CUST47567,ROBERT,sullivan,noahgonzalez@example.net,,2021-12-06,Basic,8117.58,False
CUST69322,Lisa,YANG,kruegerpeter@example.net,001-805-517-0772x308,2021-05-21,Standard,8419.06,True
CUST76967,LARRY,wright,casey49@example.net,,2025-05-19,VIP,14350.53,False
CUST82368,Robert,Johnson,lawrenceburke@example.com,001-345-653-7752x73061,2024-10-15,VIP,13672.3,False
CUST87120,APRIL,NGUYEN,emilyhurley@example.org,(297)252-4296x5369,2024-06-22,Standard,2661.39,True
CUST34507,Brenda,CARDENAS,chadcooper@example.net,+1-984-768-6490,2020-08-18,VIP,3963.59,True
CUST43425,Jared,nicholson,robertjohnson@example.net,(885)425-9660x25201,2024-08-03,Premium,4839.45,True
CUST91968,RONALD,CALHOUN,vanessa25@example.com,903-862-9536,2022-11-23,Basic,10615.22,True
CUST34100,LACEY,Oneill,gomezdaniel@example.net,,2019-11-28,VIP,3317.97,True
CUST96944,adam,herrera,zhoover@example.net,310-723-0918x7977,2024-06-24,VIP,12355.33,True
CUST25036,DESIREE,thomas,acarson@example.org,001-659-968-9867x2246,2022-12-25,Standard,10238.27,False
CUST59987,James,martinez,collinsdawn@example.com,5663708432,2020-08-02,Premium,12331.64,False
CUST77411,ERIK,lee,cgreen@example.net,458-795-4287,2023-07-23,Standard,1235.18,True
CUST31940,SEAN,WHITE,,,2020-12-31,Standard,6363.14,True
CUST36945,KATHLEEN,MAY,smallpatricia@example.net,(739)552-7157,2022-02-03,VIP,14096.27,True
CUST13113,teresa,CANTU,autumn15@example.net,,2020-08-20,Premium,3778.62,True
CUST85361,Katelyn,garcia,pamtate@example.org,+1-936-859-3371x849,2024-02-21,VIP,253.36,True
CUST80101,Stephanie,CASTRO,kwagner@example.org,,2025-08-29,Premium,1088.84,True
CUST47989,LAUREN,sutton,plopez@example.net,544-640-1101x3307,2023-03-20,VIP,12331.84,True
CUST72126,Jessica,WILLIAMS,mcculloughbridget@example.org,281.719.8994x17188,2021-04-27,Basic,2161.13,False
CUST11461,RICHARD,MARTIN,kirkwendy@example.net,,2020-01-05,VIP,14204.69,False
CUST37532,AUDREY,OWENS,phillip12@example.net,001-627-567-6238x713,2024-10-25,VIP,12771.88,True
CUST31096,Andre,Best,johnchambers@example.net,714-342-2606x687,2022-11-29,Premium,11994.9,True
CUST81939,kendra,VANG,pballard@example.com,473.696.3240,2023-12-27,Premium,2961.26,False
CUST53365,karen,Greer,rhodeskurt@example.com,001-993-396-3168x711,2025-02-25,Basic,13501.78,False
CUST73682,robert,collins,ashleyconway@example.org,+1-235-287-3840x8221,2024-11-07,Standard,5467.4,False
CUST66139,Kenneth,Webb,cristinawebster@example.org,(740)487-1849,2023-03-11,VIP,5392.29,False
CUST72908,benjamin,gill,berryrobert@example.org,(576)208-7839,2022-03-10,Premium,9099.41,False
CUST28350,STEPHANIE,Walker,kylietaylor@example.org,(527)967-0196,2022-09-15,Premium,13381.58,True
CUST86269,JOSE,johnson,alexander60@example.net,001-982-930-4140x66521,2020-03-23,Premium,8152.04,False
CUST95709,Clinton,thomas,mlopez@example.net,926-762-7939x705,2021-07-11,Basic,7516.85,True
CUST62007,steven,DAWSON,,709.763.4628x82041,2025-04-17,Standard,2105.56,True
CUST33480,JASON,HUNTER,awebb@example.net,986.272.1141x288,2023-09-08,VIP,606.3,False
CUST40375,Dennis,larsen,mroth@example.org,,2025-08-14,Standard,11871.91,False
CUST71561,vicki,Burton,,(787)876-1145x925,2020-05-04,Premium,7820.59,False
CUST44513,MICHAEL,PRICE,ichapman@example.net,001-548-337-7863x435,2024-01-09,VIP,9800.05,True
CUST77720,brandon,newman,selena79@example.net,(909)861-2711,2021-08-07,VIP,13015.79,False
CUST73191,JUSTIN,Casey,miranda99@example.com,,2022-08-21,Standard,7718.12,False
CUST37723,Steven,Simon,michaelhaynes@example.net,001-871-737-4745x6177,2019-12-17,Premium,6219.21,False
CUST24855,frank,GEORGE,bradyrobbins@example.org,506.636.2478x586,2024-08-14,Standard,6163.49,True
CUST15655,William,JENNINGS,ryanweaver@example.org,,2023-03-18,Premium,2202.98,True
CUST43850,Amber,DAVIS,sarah98@example.org,001-385-928-4095x0955,2021-03-05,Premium,10919.61,False
CUST21239,Lacey,page,christopherroberts@example.org,(371)235-9902x03149,2025-03-17,VIP,12455.45,True
CUST86368,Jennifer,GREEN,garygray@example.org,(304)553-0411,2023-10-08,Basic,8948.0,True
CUST40122,kelly,harris,william81@example.net,,2021-11-06,VIP,9082.67,True
CUST72373,TINA,GROSS,,617-639-9121x854,2023-11-26,Premium,9890.89,True
CUST98940,JENNIFER,klein,steven82@example.org,(889)334-0803x3492,2025-11-11,Premium,6434.34,False
CUST59969,diana,PERRY,steven85@example.com,001-429-376-1085,2025-07-30,Premium,3817.77,True
CUST20986,nicole,KENT,angelacarlson@example.org,3044388605,2021-11-28,,11154.69,True
CUST85757,JOSHUA,Anthony,ujones@example.net,733-997-1877,2019-12-15,Standard,4738.53,False
CUST23970,Christopher,kelley,john51@example.com,859.682.4817x82903,2022-06-12,VIP,9178.21,False
CUST87537,Stacey,LOPEZ,duncanlawrence@example.org,,2022-04-19,Basic,2093.07,True
CUST82848,Leslie,GONZALES,gutierrezshane@example.net,831.481.7786,2025-02-19,Premium,476.74,True
CUST81702,Kyle,tapia,hrivera@example.net,220.676.5332x9800,2020-07-13,Premium,10740.29,False
CUST90610,ALEXA,MOON,fischermelissa@example.com,840-790-4780x4020,2022-11-28,Premium,2394.89,False
CUST51505,PAMELA,BAILEY,michael09@example.net,615-865-8406x993,2020-02-19,Basic,5698.91,False
CUST16626,lauren,MATTHEWS,hperkins@example.com,001-458-292-1046x72680,2023-06-02,Premium,8043.42,False
CUST21485,kevin,YOUNG,,001-318-846-1117,2022-11-04,Basic,10568.58,True
CUST96870,Ashley,SMITH,william86@example.net,(966)955-9981x3621,2020-04-26,Premium,12997.26,False
CUST84177,Brandon,palmer,qmccormick@example.com,(214)735-3211,2023-05-07,Basic,5329.06,False
CUST69322,Lisa,YANG,jonbenjamin@example.org,(991)600-0129x64246,2024-01-02,Premium,2567.08,True
CUST28726,jason,Ellis,barrymegan@example.com,+1-881-499-4385x591,2023-06-28,Standard,12642.78,True
CUST62187,KELLIE,JAMES,dawn93@example.org,,2024-01-11,Basic,992.83,False
CUST83273,Sarah,JACKSON,hodgeskaren@example.net,562-943-5334x30571,2022-07-17,VIP,2094.45,False
CUST63545,karina,KELLEY,lori38@example.org,+1-215-504-6137x999,2025-01-10,VIP,14959.89,True
CUST43640,Kelly,MOORE,cwillis@example.com,,2021-03-14,Premium,2292.62,True
CUST84976,KAYLA,gonzalez,marisaking@example.org,001-372-269-6339x5068,2020-03-11,Premium,8938.33,False
CUST98940,JENNIFER,klein,hullaaron@example.org,5947134869,2021-01-12,Premium,1718.28,False
CUST44179,Samantha,GRIFFIN,gtucker@example.com,502.528.0542,2025-10-31,Basic,6805.86,False
CUST67840,hannah,Jones,ccohen@example.com,384.836.5911x453,2020-09-12,Premium,4476.67,True
CUST71894,Jeff,MILLER,trujillotanya@example.com,348.396.3496x2956,2024-09-06,Premium,7329.09,True
CUST43850,Amber,DAVIS,salasmark@example.org,+1-500-551-7506x2595,2021-01-20,Basic,3613.07,True
CUST21239,Lacey,page,palmercody@example.com,+1-549-356-3182x9319,2023-08-27,Premium,7990.59,True
CUST27758,jennifer,Norman,shelby91@example.net,435-451-1007x09098,2024-01-09,Standard,13086.5,False
CUST17992,Cameron,wagner,jcarrillo@example.com,272-582-7090,2022-03-29,Standard,5984.88,False
CUST69473,tracy,camacho,keith05@example.net,+1-452-944-9867x797,2024-10-21,Premium,960.39,True
CUST77411,ERIK,lee,douglasmaldonado@example.org,(909)805-9102,2022-08-11,,10617.61,True
CUST20986,nicole,KENT,nelsonmichelle@example.net,(984)404-4997,2021-08-18,Basic,3570.07,False
CUST75546,Dennis,Goodwin,karenhall@example.com,,2025-02-22,VIP,7094.59,False
CUST74923,Michelle,Ross,twoods@example.org,,2022-10-14,VIP,6166.53,True
CUST75031,angela,LEE,bgoodwin@example.com,(986)203-7427,2025-06-07,Premium,10923.2,True
CUST66139,Kenneth,Webb,lisa84@example.net,+1-569-707-4342x2048,2020-09-15,VIP,2752.32,False
CUST16026,james,smith,sandrews@example.net,(746)543-7300,2023-10-30,VIP,12839.5,True
CUST25826,lori,Bautista,,+1-621-650-6699x631,2023-11-27,Premium,13895.5,True
CUST25970,Jacob,Mitchell,baldwinkyle@example.org,522-548-5364x959,2025-03-21,Standard,13536.64,True
CUST38893,laura,BAKER,pprice@example.com,315-787-5536x59066,2023-12-19,Basic,11776.94,False
CUST25473,Peter,sanchez,mezacaroline@example.org,574.901.8539x3566,2024-02-27,VIP,4450.62,True
CUST28004,Christine,allen,jamesellison@example.net,(992)238-4233,2023-05-04,Basic,8762.66,True
CUST90728,TROY,anderson,,+1-702-774-8280,2024-10-11,Standard,1019.41,True
CUST57516,CHRISTOPHER,franco,shawn22@example.net,793-900-1911,2024-09-17,Standard,596.12,True
CUST43065,William,henry,walkermichael@example.com,7056624024,2021-05-13,Basic,3063.89,False
CUST20271,RANDY,salinas,mlee@example.net,(595)587-2040x515,2020-12-11,Basic,13935.27,True
CUST91973,christopher,Martinez,,471-998-9988x52465,2021-09-26,Premium,3197.31,False
CUST77720,brandon,newman,jeremiah11@example.net,001-930-644-5379x0094,2021-09-06,Premium,5542.91,True
CUST90589,catherine,hughes,edaniels@example.com,589-762-2296,2020-09-13,Basic,14808.5,True
CUST90173,JILL,DAVIS,vlawson@example.org,(875)657-1998,2021-08-29,Premium,2014.37,True
CUST35105,Scott,WALTON,alicia12@example.com,+1-926-540-6610x036,2021-01-27,Standard,9072.45,False
CUST93810,Thomas,Novak,christopheralvarado@example.net,725.996.3304x28872,2025-01-13,Basic,3766.82,True
CUST99192,kelly,ACOSTA,matthewmonroe@example.net,001-919-722-9952,2024-10-19,,5003.35,True
CUST54922,alicia,ballard,peggy26@example.com,703-781-8184,2022-02-18,VIP,6415.3,True
CUST17944,jessica,JIMENEZ,laurie54@example.org,001-446-832-3835x04500,2021-02-28,Standard,12518.93,True
CUST26704,Shawn,williamson,thompsonashley@example.net,(994)740-0511x097,2025-07-15,Premium,3151.15,True
CUST23473,william,HARPER,benjamin71@example.net,249.347.3824x7754,2025-09-21,Standard,3551.06,True
CUST33206,stephen,Sanchez,jonathan22@example.net,+1-383-547-5867x2868,2023-04-05,VIP,12960.96,True
CUST30866,MICHAEL,Carter,burkemichael@example.com,,2021-03-26,VIP,12248.8,False
CUST50001,Stephen,Davis,,,2019-11-27,Basic,1041.31,False
CUST94080,SHEILA,dunn,osampson@example.net,001-931-621-4806x443,2022-10-15,Basic,1730.13,False
CUST86099,chelsea,Gonzalez,matthewhenry@example.net,275.935.0157x5018,2020-02-24,Basic,14763.54,True
CUST85574,Shane,nash,,682-483-4081x671,2023-05-21,Standard,1049.61,False
CUST91678,cassandra,SMITH,georgepowell@example.org,(699)542-4191x38172,2022-09-11,Basic,10003.39,False
CUST62743,MARK,gibson,baileyemily@example.com,,2020-11-22,VIP,13542.08,False
CUST63225,JANICE,Taylor,rachel33@example.com,681-913-6473x88826,2025-01-08,Basic,6632.4,True
CUST77000,stacey,HARTMAN,scott68@example.com,,2020-01-21,Basic,14279.99,True
CUST98184,shannon,Jones,imueller@example.net,,2025-04-10,Premium,7127.05,True
CUST69692,mark,CARPENTER,tbrown@example.org,710-614-2036x2010,2020-11-16,VIP,3659.77,True
CUST65724,Katie,Huang,khorton@example.com,001-623-816-9247,2022-06-12,VIP,3737.97,True
CUST69829,Joseph,mckay,dmurray@example.com,(667)847-7136x734,2024-12-02,Basic,13371.39,False
CUST81810,michael,Hebert,jessicawilliams@example.com,(381)518-5150x04000,2025-07-24,Basic,12597.94,False
CUST78327,tony,HAWKINS,arogers@example.com,001-606-282-1884,2021-01-27,Basic,5037.71,True
CUST28136,Daniel,Larsen,burtonjohn@example.net,,2024-01-03,Standard,6113.99,False
CUST64496,Holly,Bauer,wanda18@example.org,7879878269,2022-05-01,Premium,11483.92,False
CUST72518,Edwin,jones,vanessa61@example.com,001-662-365-2211,2023-10-06,VIP,11019.51,True
CUST73993,Ashley,anderson,wilsoncaitlin@example.org,,2021-07-22,Basic,11972.13,True
CUST71261,Mark,KELLY,meganharris@example.org,760-886-5144x5343,2022-12-26,Premium,6429.19,False
CUST33819,Alexander,williams,frank80@example.com,572-953-1285,2023-07-19,Basic,13194.6,False
CUST65255,amanda,Castaneda,patriciasmith@example.net,+1-774-980-6737,2023-11-26,Premium,5249.41,True
CUST95426,Shannon,Wolfe,hannahfritz@example.net,,2020-02-20,Premium,3578.17,False
CUST97747,Sandra,GONZALEZ,nrogers@example.net,001-978-891-9341x2184,2022-09-24,Basic,2516.84,True
CUST31465,shawn,Edwards,angela09@example.org,(892)766-1734x61116,2024-06-05,VIP,10725.22,True
CUST92213,Kelsey,Wilkinson,ishepherd@example.com,001-873-899-1189x0204,2022-05-07,Premium,8488.99,True
CUST55508,MONICA,hatfield,vargasandrew@example.com,,2022-02-01,,6300.88,False
CUST23833,brittney,wilson,gpittman@example.org,795-941-4580,2023-03-12,Standard,11006.93,False
CUST80539,mary,newton,aroberts@example.net,775-439-4182,2025-08-26,Basic,3682.43,True
CUST69087,Mark,holloway,smithbrianna@example.net,274.276.3368x1393,2023-01-08,,12764.29,True
CUST73904,Martin,rivera,glennparks@example.org,001-541-933-1416x886,2021-12-02,Basic,7749.41,True
CUST21221,Teresa,LANE,shannon51@example.com,552-245-5314,2020-06-12,Standard,9688.54,False
CUST68743,Juan,Pruitt,mario17@example.com,372-989-1652x81947,2019-11-28,Standard,8723.33,False
CUST82544,WHITNEY,garza,stephaniebrown@example.org,561.299.6625x5408,2021-11-10,Basic,6806.18,False
CUST42951,Kristine,Miller,rmitchell@example.net,9508584610,2022-06-02,Standard,11079.07,False
CUST87278,JENNIFER,JACKSON,hicksjodi@example.com,,2024-10-07,Standard,5413.22,False
CUST11854,MICHAEL,HARRIS,drice@example.net,,2021-11-27,Premium,10461.26,True
CUST93606,miranda,Barker,kristie24@example.org,411.358.0413x1441,2024-12-31,VIP,5110.59,True
CUST43092,william,Collins,renee27@example.com,+1-207-717-8273x404,2022-03-11,Premium,10296.77,True
CUST29555,ANDREW,harris,,(368)610-5036x30261,2023-12-28,VIP,11861.11,True
CUST59856,ryan,cook,stephanie10@example.org,649-617-8566x2283,2024-01-15,VIP,9315.41,True
CUST91987,Todd,williams,autumn51@example.net,,2020-01-10,Standard,2347.99,False
CUST87832,kelsey,chan,,722-401-4580x567,2021-04-15,Basic,6810.47,True
CUST44675,SHERRY,OLSON,amyrandolph@example.com,412.627.0110,2022-07-02,VIP,3372.14,True
CUST28643,Daniel,Harris,nli@example.net,001-556-576-6925x741,2025-08-26,Basic,7030.47,False
CUST45683,CAROL,MORENO,hwebster@example.net,,2021-04-11,Premium,11018.01,False
CUST21970,Chad,PERRY,brittney24@example.org,277.763.8362x89981,2023-11-25,Premium,10084.22,False
CUST15273,Marcus,leonard,jessicaburton@example.org,(214)778-5838,2020-09-21,Basic,8779.94,False
CUST71605,sean,taylor,brendan26@example.org,626-505-9264x901,2022-08-24,Standard,10405.11,False
CUST96846,kimberly,MAY,,,2022-12-05,Basic,14552.77,False
CUST77449,Charles,ZUNIGA,erin57@example.net,001-880-873-7349,2025-10-15,Premium,5426.69,False
CUST67939,Robert,Wilson,meganhuber@example.net,,2020-07-01,Basic,10473.75,True
CUST92578,CHRISTOPHER,Webb,ericfoster@example.com,+1-341-475-5763x85182,2022-03-11,Premium,1398.14,True
CUST70482,Lisa,HALL,katelynhartman@example.org,001-332-500-6787x70397,2023-07-12,Basic,4101.37,False
CUST41946,danielle,GONZALEZ,robertsjared@example.net,,2020-02-29,Standard,4143.71,False
CUST54548,JOSEPH,tran,christina00@example.org,421.322.7046x508,2023-06-27,Basic,8698.85,False
CUST29476,sarah,JENKINS,shawaaron@example.com,514.503.0319,2024-08-06,VIP,4826.66,True
CUST41300,MARK,perkins,nicoleramos@example.com,829-754-3691x648,2022-07-17,Premium,7094.64,False
CUST60604,TAMARA,LAMB,nbender@example.net,508-784-3494x16708,2022-01-25,Premium,14480.3,False
CUST23154,lorraine,Lawson,stephanie01@example.com,477-542-4281x789,2020-02-17,Standard,9821.72,True
CUST19807,felicia,galvan,umartin@example.com,742.909.5381x2018,2020-12-15,Premium,12785.12,False
CUST92155,ISAAC,alvarez,zstone@example.org,,2020-08-28,Premium,10265.99,False
CUST21846,victoria,Miller,amy07@example.com,001-620-518-0992x4275,2021-04-06,Premium,10410.02,True
CUST52516,Laura,acosta,justinandrews@example.net,931-803-8605x7781,2024-02-22,Standard,8488.92,True
CUST32946,Hayley,HANSEN,owoods@example.net,955-592-1113x801,2022-02-01,Standard,8747.36,True
CUST93611,martha,campbell,lowejeffery@example.net,,2021-11-17,VIP,10164.16,True
CUST67898,jesse,RICHMOND,mary34@example.com,+1-299-880-9922x5162,2025-09-03,Basic,4531.83,False
CUST73335,Mary,Duffy,ramirezmary@example.com,3694082293,2021-12-14,Basic,4428.46,False
CUST45976,Joshua,TURNER,joseph69@example.org,275.456.8270x37916,2021-11-24,Premium,11177.58,False
CUST89569,samuel,Bennett,alexander82@example.org,001-213-286-0919x5807,2020-07-26,Standard,13551.06,True
CUST50492,kimberly,Johnson,jacobestrada@example.com,270.968.6554x616,2023-01-23,Premium,4900.79,False
CUST33021,Caleb,Jackson,richard42@example.com,+1-664-850-2483x15312,2023-10-22,Basic,13702.3,True
CUST43681,david,hubbard,zacharywest@example.com,4446420986,2023-02-14,Premium,1129.49,True
CUST98647,DOMINIQUE,LARSON,austin49@example.com,714-517-4770x50142,2020-01-29,Basic,5918.62,False
CUST80329,Carl,ramirez,donovankathryn@example.com,+1-289-294-1862x748,2025-11-13,Basic,12336.26,False
CUST24201,ALEXANDER,Ward,lori73@example.org,001-313-683-1874,2021-03-06,Basic,3320.51,True
CUST70852,JENNIFER,burton,sandra90@example.net,,2023-09-11,Premium,4565.47,False
CUST22739,Brian,DENNIS,albert40@example.com,583.482.4646x634,2020-02-08,VIP,10898.99,False
CUST95841,Michael,bennett,jamie39@example.com,(782)983-2117x316,2021-02-28,,5557.95,False
CUST68287,Michelle,sellers,,001-822-451-0450,2020-12-04,Basic,4138.22,True
CUST69600,Jesse,FREY,elizabethschwartz@example.org,(655)318-3011x638,2023-03-11,Premium,5002.64,True
CUST36896,Bradley,SMITH,davidperez@example.org,+1-706-303-5639x9668,2024-04-10,Standard,2213.31,True
CUST46342,Vanessa,Morris,racheldoyle@example.com,200-947-5535,2020-02-04,Premium,386.7,True
CUST56955,Justin,VALDEZ,williamsontimothy@example.org,,2025-09-16,Premium,6314.41,True
CUST18330,james,sullivan,tony07@example.net,2896008325,2025-09-01,Premium,3323.25,True
CUST96363,THOMAS,ryan,vadams@example.org,001-588-986-0980x5101,2021-01-28,Premium,12709.48,False
CUST99928,Renee,lewis,dustinreed@example.com,+1-688-417-3062x4837,2022-11-05,Premium,2225.01,True
CUST46046,KELLI,THORNTON,smithsarah@example.net,001-451-374-4253x11941,2021-12-19,VIP,7958.35,False
CUST76263,MARY,patrick,,6392014639,2021-11-08,Standard,13321.37,False
CUST54424,deborah,hughes,tiffanylucas@example.org,,2020-08-07,VIP,3823.35,True
CUST72163,Blake,Beard,hrobinson@example.org,,2020-04-25,Premium,5589.7,True
CUST82924,Julie,FRANCIS,erinclements@example.net,(883)435-9909,2022-11-21,Premium,13104.11,False
CUST16743,eric,RICH,samueleverett@example.net,,2022-09-08,Standard,7232.84,True
CUST82910,jessica,Donovan,kellytaylor@example.org,+1-731-844-8090x8038,2025-01-05,VIP,14618.2,True
CUST96223,ALISHA,stone,,(249)830-1386x51277,2024-05-28,Basic,5265.35,True
CUST84228,ANGELA,oneal,,(434)758-5404x35959,2022-05-09,Premium,7957.24,False
CUST69460,brandi,Hansen,troywalters@example.org,848.576.2239,2020-11-06,Premium,2333.7,True
CUST98338,Ashley,watson,davisjill@example.net,511.849.8213,2025-04-03,VIP,3233.53,True
CUST55242,jennifer,Gilbert,katrina27@example.net,693-579-9292,2021-11-28,VIP,4626.29,True
CUST61807,LYNN,Hubbard,,578.707.6560,2020-12-23,Standard,11462.41,False
CUST53007,Angel,Lopez,iharrison@example.net,944.459.3163,2023-05-12,Standard,10555.07,False
CUST19447,sandra,WEST,,,2021-03-31,Premium,8636.39,False
CUST93904,jose,walton,tgriffin@example.net,,2020-11-22,Basic,14214.21,False
CUST57428,John,knight,barkertommy@example.com,866-720-3373x9950,2025-01-30,VIP,5936.5,False
CUST54500,Sue,hernandez,kevin66@example.com,,2021-03-15,Premium,2908.56,False
CUST56019,LUIS,CHOI,allison69@example.com,(626)691-7753,2021-08-06,Standard,2602.49,True
CUST95918,Ryan,Mann,bakeralexis@example.org,7359735880,2025-06-24,VIP,11398.16,False
CUST99277,AMBER,ROMERO,mpotts@example.com,(395)765-3101,2024-04-29,Basic,1024.29,False
CUST92756,katie,kim,zachary57@example.net,215-519-4106x032,2025-05-15,Premium,6778.71,True
CUST58331,bruce,Delacruz,mossnicholas@example.com,001-878-519-2106x744,2020-04-25,Premium,7606.02,False
CUST86064,NICHOLAS,HENDERSON,julie01@example.net,381.221.6681x528,2021-08-30,Standard,7134.44,True
CUST18109,stephanie,Perkins,sperez@example.com,(302)964-1454x577,2024-03-24,Premium,2588.38,True
CUST67377,christine,LLOYD,kaylacook@example.net,,2024-12-12,Basic,5811.25,False
CUST98984,PAUL,Schneider,daniellemerritt@example.com,787.878.8864x64444,2024-03-20,Premium,8369.45,False
CUST47243,deborah,ATKINSON,emendoza@example.com,(764)608-7363,2022-08-10,Standard,8741.09,True
CUST50662,CHERYL,GARCIA,christina91@example.org,,2024-09-21,Premium,5650.19,False
CUST97833,TRACY,MEZA,williampeterson@example.org,490-867-7576x13411,2024-09-14,Premium,6351.1,False
CUST57526,nathaniel,Hernandez,littlemichael@example.org,309-629-1507x1662,2024-05-21,VIP,14999.65,True
CUST48770,Sarah,LAMBERT,andersonstephen@example.net,5559286524,2021-12-05,Premium,13145.89,True
CUST59377,Deanna,Gonzales,willisomar@example.org,803-558-0382,2024-06-30,Standard,655.39,False
CUST41133,miranda,PATRICK,austinteresa@example.com,4673942381,2022-04-20,VIP,3587.53,False
CUST58213,CHRISTOPHER,HOLMES,michellecohen@example.com,235.422.9405,2024-03-26,Basic,7543.6,False
CUST36174,MITCHELL,Dickson,davisstephen@example.com,,2021-06-15,VIP,8318.11,True
CUST26341,alyssa,Werner,hwilson@example.com,001-940-225-3696x5862,2023-03-23,Standard,1375.7,True
CUST69130,brooke,Edwards,michellejones@example.com,372.709.7605x66243,2021-08-16,Basic,14917.88,False
CUST39430,Michele,webb,morganbryant@example.net,(375)312-3050x4796,2022-10-31,Basic,2063.99,False
CUST71925,EILEEN,Brown,jeffrey81@example.org,718.264.2137,2022-09-10,Premium,285.06,True
CUST29597,ALEXANDER,SHAW,brianknight@example.net,668.230.7050x044,2022-07-16,Basic,1827.73,True
CUST65027,KATHRYN,SULLIVAN,lindameyers@example.com,,2024-05-19,VIP,246.53,True
CUST28818,anthony,taylor,,(975)823-2718x8541,2023-01-14,VIP,10023.22,False
CUST18870,DANIEL,GUERRERO,cheyenneharrington@example.com,816-493-7101x1694,2022-10-20,Premium,7052.03,False
CUST58929,andrew,JACKSON,,+1-480-637-7202x52616,2023-12-09,Basic,9856.57,True
CUST86271,DWAYNE,lewis,danny49@example.org,(803)901-0957x204,2022-02-03,Basic,2626.34,False
CUST72722,JENNIFER,Parks,xgarcia@example.com,,2024-09-10,,3023.86,True
CUST15492,dorothy,johnson,nicholsjohn@example.com,+1-898-550-9919x6201,2025-01-11,VIP,11299.36,True
CUST47501,kara,Gomez,hilljohn@example.org,+1-490-237-6656x687,2024-11-15,Premium,6554.27,False
CUST67637,benjamin,malone,amandapierce@example.com,(397)882-0678x5593,2025-08-15,VIP,11959.36,False
CUST20828,JENNA,mitchell,,561-985-0094,2024-06-22,Standard,4818.17,True
CUST52981,DAVID,montgomery,orandolph@example.org,(365)308-0392,2023-02-23,VIP,6658.63,False
CUST15551,CARLOS,morris,joselandry@example.net,(488)689-0497x8026,2021-08-25,Premium,9562.69,False
CUST99051,Scott,Wright,edwardgonzalez@example.org,6654640978,2025-04-01,,1008.5,False
CUST60181,JACQUELINE,Rowland,michael70@example.com,(927)200-3738x72757,2021-11-24,Basic,11446.27,True
CUST79397,lisa,young,youngchristopher@example.net,+1-763-548-0422x207,2024-05-21,,2790.72,False
CUST83619,Brooke,vasquez,tmayer@example.net,251.803.6445,2025-01-04,Standard,4283.65,False
CUST36237,Julie,Williams,gmartinez@example.org,415-735-9921,2020-12-27,VIP,12157.7,False
CUST97535,diane,CUNNINGHAM,,+1-467-585-9287x45213,2020-12-10,Basic,10677.14,True
CUST76683,Heather,Caldwell,matthewallen@example.com,+1-738-595-0447,2020-02-27,Standard,394.26,False
CUST71263,MARY,Peterson,georgesoto@example.org,,2024-11-28,Basic,10754.0,False
CUST78903,david,miller,angelica21@example.net,,2025-07-07,Basic,6749.62,False
CUST26821,JEREMY,LANE,patricknorman@example.net,(744)359-7481,2021-05-01,Standard,13660.68,True
CUST26274,DANIELLE,Fernandez,allencaitlin@example.org,,2021-10-22,Standard,14113.56,False
CUST20336,christopher,Conley,fosterbeverly@example.net,001-862-303-1875,2025-02-12,Standard,9216.42,True
CUST75873,WESLEY,Deleon,ngreen@example.net,+1-950-876-0717x728,2023-04-02,Standard,10809.49,False
CUST83874,Bradley,Lee,,775.359.3487x36666,2024-08-23,Basic,11504.39,False
CUST91016,ALYSSA,Perez,angel18@example.net,+1-286-296-8470x22955,2021-11-16,Basic,4531.41,True
CUST99783,amy,duarte,princejoshua@example.net,9582084153,2024-10-13,Standard,7263.77,True
CUST54589,VICTORIA,Jackson,thomasclark@example.com,+1-493-500-2840x2207,2024-12-25,Basic,1961.49,False
CUST77499,SAMANTHA,Mitchell,ycook@example.com,3252721826,2024-12-03,Basic,2113.16,True
CUST48038,latasha,ADAMS,tiffanypark@example.com,(224)606-0234,2022-11-25,Standard,14006.27,False
CUST34881,Christian,fields,wcoleman@example.com,+1-924-627-0461,2024-06-25,Basic,1350.74,False
CUST76249,samuel,Young,michaelgutierrez@example.com,221.221.1937x38910,2020-02-23,Premium,8962.78,False
CUST47453,ASHLEY,Dunn,barbarapatel@example.org,532-695-4866,2024-01-28,Basic,11457.85,False
CUST15930,tammy,Nixon,anthonyreed@example.com,,2024-05-26,Basic,7563.83,False
CUST91689,DON,HALL,smithjuan@example.com,+1-575-714-6561,2020-05-21,VIP,14801.81,False
CUST28909,Lance,HARRIS,johnsoncindy@example.org,001-271-637-6247x17923,2025-07-31,,10703.88,False
CUST78069,james,Oneill,gabriel14@example.org,539.348.2639,2020-08-03,Basic,4777.95,False
CUST90805,MEAGAN,clark,sonya71@example.com,+1-759-328-7879x984,2022-03-01,VIP,4496.86,True
CUST58281,jason,PALMER,kennedycharles@example.net,6504165897,2020-09-11,Basic,10879.86,True
CUST72205,samantha,HUERTA,kingjames@example.net,+1-970-463-2252x40788,2023-09-12,Standard,8752.85,True
CUST92447,COURTNEY,LITTLE,michaelrodriguez@example.net,001-269-895-2002x318,2025-09-29,,14223.08,True
CUST12482,david,nelson,crystal87@example.org,001-513-838-6557x811,2021-11-11,Standard,11624.58,False
CUST28098,STEVEN,Campbell,pacedavid@example.org,(593)916-8077x33732,2022-07-19,VIP,4706.29,True
CUST79878,jacqueline,BROWN,amy18@example.net,469-971-7562,2023-05-27,Basic,2883.96,True
CUST83149,nancy,Smith,derrick81@example.com,6067952898,2021-02-23,Basic,10353.6,False
CUST72888,richard,HOWELL,linda00@example.org,687-995-4335x34637,2023-05-31,Basic,8602.15,False
CUST55237,Denise,jenkins,,412-837-3854,2025-08-03,Premium,6635.64,False
CUST38047,Zachary,STEWART,michael90@example.org,(698)342-6798,2022-10-30,Basic,9235.16,True
CUST16653,GREGORY,MOORE,josepage@example.org,499-200-2185,2023-07-17,Premium,10760.37,True
CUST99285,Alan,Jones,hgarza@example.org,(341)221-1821x99816,2020-04-05,Standard,14025.48,False
CUST95267,Miguel,walters,melissapugh@example.com,(458)632-2771,2019-11-30,Premium,3483.3,True
CUST64773,David,Rhodes,foxcory@example.com,001-378-297-3176x2255,2021-11-05,VIP,11235.05,False
CUST14910,Anthony,davis,wendybrady@example.net,,2022-02-07,Basic,14836.49,False
CUST27589,DAVID,armstrong,gilbertwilliam@example.com,887-684-6491x95589,2024-08-09,Basic,6883.72,False
CUST34405,Amy,ADAMS,joanna75@example.net,(483)603-4830x21668,2021-03-11,Standard,12842.2,False
CUST66059,JUSTIN,benson,,(956)795-1325,2025-04-04,Standard,7161.81,True
CUST10895,linda,perry,adam84@example.org,301-710-8326,2022-06-27,Basic,10843.24,True
CUST44282,STACY,cook,zmorse@example.org,,2024-03-30,Premium,2395.75,False
CUST25389,NATHAN,villanueva,daviscourtney@example.org,+1-946-282-0007,2024-12-01,Standard,6824.68,False
CUST81989,carl,RAYMOND,pjohnson@example.com,693-816-6009x864,2023-08-08,Standard,8937.22,True
CUST68556,JENNIFER,CARTER,cody85@example.net,(254)386-5843x1917,2023-07-11,Premium,8214.74,True
CUST80341,Mark,Banks,piercemichael@example.com,(779)621-6069x934,2021-09-05,Premium,10753.77,False
CUST76895,bethany,Graham,drew54@example.net,(798)318-5588x748,2021-04-18,VIP,8381.96,False
CUST12853,justin,neal,rlewis@example.com,400.407.7913x472,2021-07-05,,5167.93,True
CUST80931,Abigail,Mclaughlin,udavis@example.com,953-249-7466x85887,2020-06-03,Basic,11534.58,False
CUST59081,tammy,jones,bowmansamuel@example.net,+1-224-833-9379,2020-02-25,VIP,14462.17,True
CUST95660,chris,Carter,travisthomas@example.com,951-638-7042x3717,2024-07-01,Standard,3340.35,True
CUST12979,rebecca,johnson,heidi57@example.org,693.514.5017,2024-12-01,VIP,3712.68,False
CUST30332,elizabeth,Allen,alyssafreeman@example.com,858.768.9550x062,2023-02-09,,9902.97,True
CUST41544,Ashley,Owens,richardslarry@example.org,,2020-03-18,Premium,663.55,False
CUST40715,CRAIG,Johnson,griffinroger@example.org,(772)903-2512x023,2025-06-23,Standard,4338.95,False
CUST85690,STEPHEN,SIMS,pdickerson@example.net,(875)923-8054x2056,2020-06-05,Standard,7818.77,False
CUST49387,carmen,Bond,jcox@example.net,(580)559-2889,2021-07-11,Standard,6408.01,False
CUST16145,jessica,ROBINSON,sarahfloyd@example.net,574-853-8080,2022-06-29,Basic,6123.89,False
CUST59343,Jennifer,JOHNSON,kellydonna@example.com,658-510-0897,2023-12-24,Basic,2165.28,False
CUST17552,FELICIA,french,kimberly75@example.net,627-251-2755x252,2025-02-01,Standard,3824.93,False
CUST20363,ashley,torres,,855.413.4688,2022-09-17,Standard,5657.52,True
CUST34662,RONALD,CALHOUN,allisonkimberly@example.com,8429141319,2021-01-28,Standard,4994.46,True
CUST37762,Allen,NOBLE,jenniferwilliams@example.com,533-272-9126x833,2020-05-02,VIP,10434.39,True
CUST41369,RICARDO,reeves,snyderjoshua@example.org,+1-593-868-3617x2301,2025-06-09,Basic,5394.67,False
CUST71080,John,ALEXANDER,christophermerritt@example.net,6643745097,2024-09-24,Standard,6208.95,True
CUST29126,Joanna,parker,schmidtrebecca@example.org,(680)346-3823x8202,2021-12-02,VIP,2942.88,True
CUST59786,MELISSA,Smith,gutierrezhenry@example.org,396-347-1220x160,2023-04-21,Basic,12323.88,False
CUST70401,Rachel,WELLS,nicolehughes@example.com,,2025-08-02,VIP,13340.47,True
CUST78674,Michael,Barry,westcrystal@example.net,985-802-7327x0448,2021-08-16,Premium,12638.17,True
CUST18908,CYNTHIA,Vasquez,,+1-917-419-7743,2020-08-28,Basic,9565.93,False
CUST96413,craig,Contreras,,(396)935-0235x91417,2021-12-12,,10832.89,False
CUST12246,AMANDA,AYALA,kruegerchristine@example.org,218.351.4979x98586,2023-03-08,Standard,1444.71,True
CUST41584,Tamara,CHRISTENSEN,michaelwiley@example.com,001-363-435-4341x63386,2020-10-11,Basic,1185.29,False
CUST70161,ROBERT,Barry,angie55@example.net,655-278-6354x964,2020-12-20,Premium,12873.29,True
CUST22255,joshua,wood,stevenschneider@example.com,001-709-461-9009x4835,2025-03-01,Premium,1240.29,False
CUST94529,john,ACOSTA,martineztim@example.com,(889)901-3283x3806,2025-05-04,Premium,13519.09,False
CUST45532,Lisa,Smith,rebeccalandry@example.com,+1-507-824-4923x40737,2021-07-17,Premium,12756.41,True
CUST37152,RUTH,Walker,davidrichardson@example.com,001-741-300-2093x5861,2024-05-26,VIP,4489.15,True
CUST61007,COLLEEN,JACKSON,csutton@example.org,3816358541,2023-02-06,Standard,10339.66,True
CUST55332,Sarah,Frey,denise03@example.org,+1-911-998-5136x8552,2021-11-26,Basic,9207.98,False
CUST13883,ALEXANDRA,campbell,jason18@example.org,693-478-1512,2022-11-15,Standard,14117.14,False
CUST34345,CHRISTOPHER,THOMAS,jessica96@example.net,,2023-12-13,Basic,10696.63,True
CUST30214,alexis,WILLIAMS,carterlaura@example.org,,2024-04-29,VIP,1598.26,True
CUST68292,justin,soto,holtnatasha@example.com,,2024-10-05,VIP,8321.1,False
CUST13442,Kelly,perez,dlucas@example.net,953-314-0964x34245,2025-06-01,Basic,185.11,False
CUST21101,JASON,ADAMS,sean20@example.net,746-922-8199,2020-09-06,Standard,2542.53,False
CUST49469,adam,davis,elizabeth99@example.com,,2021-06-11,Basic,7263.47,True
CUST57333,ethan,Myers,moorejill@example.org,(244)892-0737x29348,2020-11-04,Standard,2032.34,True
CUST61864,nancy,HINES,ydyer@example.com,839-596-6887x505,2020-04-13,VIP,12232.13,True
CUST49378,henry,LOPEZ,rgonzales@example.org,638.552.6263,2025-08-17,Basic,5973.59,False
CUST48200,KIMBERLY,JENSEN,hrivera@example.org,001-210-880-6028x6938,2023-12-26,Standard,4204.5,False
CUST24927,JOHN,Huang,omartinez@example.com,001-242-896-2646x21852,2025-10-21,Premium,6924.33,True
CUST67469,lori,GALVAN,,(599)794-8735,2021-01-30,VIP,2087.69,False
CUST43119,AUSTIN,Pham,susan59@example.com,(665)950-9657,2022-06-11,Premium,8969.01,False
CUST80040,LUCAS,BROWN,parkermark@example.org,,2024-10-05,Basic,12184.45,True
CUST24335,Johnny,BROWN,sullivankaren@example.com,,2023-07-02,Premium,9675.47,False
CUST53463,nicole,Reynolds,,+1-355-404-0611x58635,2023-01-03,Standard,5867.01,True
CUST13219,justin,May,christophersmith@example.net,(321)482-5754x42745,2023-10-19,Premium,14110.14,True
CUST50880,charles,wallace,hendersonheather@example.com,746-970-8560x68335,2022-10-08,Basic,6572.49,False
CUST18804,helen,Wood,gcobb@example.com,,2021-01-26,Basic,10157.09,True
CUST77632,Andrew,LOPEZ,klucas@example.com,601-895-1204x67261,2021-09-06,VIP,6075.71,True
CUST34430,STACY,RHODES,michaelspencer@example.com,,2024-03-15,Standard,6443.29,True
CUST38153,Teresa,ramirez,uwilliams@example.com,3367081089,2022-08-17,Premium,11992.54,True
CUST57945,kevin,Parker,linda95@example.net,450.670.1967,2024-11-30,VIP,9586.63,False
CUST90125,joseph,MERRITT,klinesherri@example.net,+1-574-281-8217,2020-09-15,VIP,12206.07,False
CUST90541,JACQUELINE,Hoffman,millerdustin@example.com,735-307-2956x8967,2024-08-29,Standard,2745.67,True
CUST76954,david,smith,woodarddavid@example.org,399.756.2655,2023-04-22,VIP,9532.52,True
CUST82733,Stephanie,johnson,starksandra@example.com,,2021-05-17,VIP,12982.83,True
CUST73518,Kevin,Lewis,billy64@example.com,292.227.1897x4403,2024-03-16,VIP,7375.89,False
CUST74054,Chris,Harper,xcopeland@example.com,490-543-0552,2020-04-15,Standard,4122.79,False
CUST32047,connie,VILLARREAL,johnhill@example.net,4877879853,2023-05-07,Premium,4018.33,False
CUST15453,MICHAEL,dalton,ashley13@example.com,9594111962,2024-05-27,Premium,9805.08,True
CUST14224,tara,brown,drew88@example.net,5206026378,2020-09-27,VIP,1760.79,True
CUST87060,ERIKA,cook,mariastephens@example.net,267-296-1474x2364,2023-06-24,VIP,2088.52,True
CUST17780,JACOB,owens,ydavis@example.com,(234)979-5762x2459,2021-06-15,Standard,10560.81,False
CUST45041,PATRICIA,BUTLER,romeroanthony@example.com,,2025-07-08,VIP,14887.29,True
CUST27392,Roberto,Parker,qmcfarland@example.net,544.354.8329x468,2023-05-29,VIP,8661.38,False
CUST92288,thomas,brown,andrewjohnson@example.org,(789)862-5753x09953,2024-02-19,Premium,11247.04,False
CUST69597,tommy,ward,mjohnson@example.net,+1-739-458-5329,2021-03-08,Premium,6876.74,False
CUST18300,BRITTANY,stephens,kramos@example.org,(455)884-0919,2025-04-08,Standard,4842.98,False
CUST54270,JACQUELINE,DUNLAP,williamsmith@example.com,316.899.4673x844,2023-09-16,Basic,11433.81,True
CUST23051,LOUIS,thompson,,341-250-5047x738,2019-12-25,Standard,10.14,False
CUST36518,CONNOR,Watson,anthonyphillips@example.com,(933)852-7065x4735,2024-08-21,Basic,5406.53,True
CUST58738,EILEEN,SMITH,michelle91@example.org,001-708-956-1249x683,2022-06-13,Basic,11328.48,False
CUST95915,Miguel,CARTER,,(802)285-9712,2024-03-22,Premium,3392.86,False
CUST11056,ANDRE,williams,olopez@example.net,6698773346,2023-12-24,VIP,7165.5,True
CUST21708,JACK,Vasquez,boneill@example.org,(656)918-0771x52130,2021-10-04,Basic,11601.91,True
CUST98753,Jesse,Wright,walshcassandra@example.net,,2021-04-20,Standard,10836.48,True
CUST90750,CASSANDRA,ball,clementsmatthew@example.net,,2022-02-25,Premium,1847.36,False
CUST66280,steven,Guerra,meaganrodriguez@example.org,495-779-0041,2020-05-02,Standard,9000.12,False
CUST96298,leslie,Lawrence,vwilson@example.com,362-569-9529x5858,2022-03-04,VIP,818.54,True
CUST74865,theresa,Vaughn,dianegross@example.com,+1-426-362-3455x58021,2023-01-06,Premium,14665.45,False
CUST27299,michelle,THOMPSON,jessicadavis@example.net,+1-362-681-4700x9439,2021-02-26,Standard,14316.79,True
CUST12187,SCOTT,Richmond,,(624)246-5553,2025-11-11,Premium,5969.63,False
CUST92388,LAURA,BENJAMIN,ulee@example.org,001-329-591-0196x013,2021-04-13,VIP,8048.47,True
CUST20957,sarah,Ford,walkerandrew@example.net,722-675-8859,2021-04-17,Standard,5860.97,True
CUST67342,DANIEL,Wall,,,2022-01-21,VIP,9184.45,True
CUST50539,ZACHARY,SCHMIDT,whawkins@example.net,,2024-11-27,Premium,10522.49,True
CUST75065,christopher,SOTO,wrightjacob@example.org,291.472.8445x61971,2023-04-23,Basic,1903.96,False
CUST13847,justin,hatfield,normansean@example.com,,2020-02-15,Premium,7661.73,True
CUST75484,SARA,Mitchell,wsanchez@example.net,(450)714-3539,2024-09-10,Premium,10111.81,True
CUST39937,GEORGE,ADAMS,,001-299-276-1017x361,2025-01-28,Premium,7076.47,False
CUST29671,Thomas,Williams,smcbride@example.com,(294)684-3606x8915,2024-06-05,VIP,3723.95,False
CUST45554,Michelle,BURNS,jason73@example.org,001-476-697-7774,2025-05-06,Premium,12065.07,True
CUST62550,Linda,barnett,davisangel@example.org,(707)711-3853x29118,2023-06-29,Basic,8296.37,True
CUST58354,Zachary,graham,johncole@example.net,473.649.6012x5509,2023-08-18,Standard,8875.36,False
CUST35614,MICHAEL,ANDERSON,loganjoanna@example.org,(538)716-1535,2023-09-06,Premium,358.65,False
CUST93354,MARK,Brooks,corey17@example.org,,2020-11-27,VIP,10908.23,True
CUST36895,MICHAEL,Carroll,lporter@example.net,383-754-8346x050,2022-09-08,Standard,1395.4,True
CUST78125,matthew,FORBES,walkerzachary@example.org,328.391.0274x36658,2021-01-09,Premium,7581.42,False
CUST19808,KENDRA,HUMPHREY,,709.931.0567x74784,2021-12-01,Standard,3914.86,False
CUST61505,YVETTE,EATON,kingrobert@example.com,640-972-7381x2541,2024-04-16,Standard,3040.69,True
CUST30369,Shannon,Bell,kristina34@example.org,860.811.2816x64873,2023-09-14,Premium,14469.52,True
CUST69233,larry,leon,watsonchelsea@example.net,,2024-07-17,Standard,4563.22,True
CUST38183,sara,Brown,,8285538741,2022-03-24,Basic,734.26,False
CUST44100,Erin,Wilson,casey11@example.net,(793)260-2002x09049,2024-11-04,Standard,1528.61,True
CUST11567,Christopher,Cruz,zgarcia@example.com,(469)458-2564x693,2021-03-07,Basic,14063.62,True
CUST86823,tonya,Nixon,,,2023-09-09,VIP,1379.68,False
CUST26059,Brenda,garrett,,(383)268-0894,2023-11-25,VIP,5924.98,True
CUST60165,ERIC,freeman,susanharris@example.com,(802)908-2544x9900,2020-02-07,Standard,6690.17,True
CUST14541,SAMUEL,NELSON,jenniferpadilla@example.com,+1-473-386-1925,2023-10-30,VIP,8260.33,True
CUST21497,brittany,wilson,danielle00@example.org,,2020-12-09,Standard,12032.52,True
CUST57069,jessica,PRICE,duncanmelissa@example.net,+1-208-992-4172x01400,2023-11-01,Basic,2697.24,False
CUST88265,Amber,Ellis,jessica81@example.net,978-637-8460x8987,2024-03-07,Premium,7075.27,False
CUST40508,Adam,Hubbard,xalexander@example.net,001-333-635-8714x870,2023-06-07,Premium,14217.04,False
CUST56504,Ashley,Munoz,wyatt07@example.net,(225)239-2255x6887,2023-01-03,Basic,423.1,False
CUST84403,BROOKE,Johnson,kimberlygraves@example.net,,2023-11-03,VIP,2633.35,True
CUST21830,Stephen,Irwin,morrowjennifer@example.org,,2022-02-18,,13768.44,True
CUST27103,charles,MORAN,joseph63@example.com,001-935-637-5199x42167,2022-05-02,Basic,2215.68,True
CUST24538,DENISE,price,qdavis@example.org,+1-902-337-1195x9655,2024-05-10,VIP,5048.42,False
CUST27884,Sara,WADE,frazierashley@example.net,001-678-460-0447x76633,2022-11-28,VIP,2613.04,False
CUST39260,CODY,PEREZ,gonzalezteresa@example.org,787-219-6022x079,2025-03-11,Basic,10932.46,False
CUST14244,Frances,GALLOWAY,raytimothy@example.com,831-335-0737,2024-12-04,Standard,1561.65,False
CUST53406,TAMARA,Nelson,lgibson@example.org,287.439.5308x1977,2025-10-09,Standard,14446.19,False
CUST68540,Andrew,robinson,kristina35@example.org,334.462.3994x877,2021-12-07,Basic,1620.52,True
CUST16310,gregory,johnson,bknapp@example.com,8172305200,2020-01-19,VIP,5680.69,False
CUST23294,darren,CLAY,cathy38@example.org,381.929.8118x2382,2021-10-22,Standard,11987.92,True
CUST12631,joshua,baker,bburgess@example.net,,2021-12-09,Standard,2413.57,True
CUST22203,richard,AVERY,matthewmueller@example.com,001-428-930-0134,2020-04-01,Premium,9804.53,False
CUST30591,Dale,Cox,vwelch@example.com,666-949-1065,2023-12-01,VIP,10830.57,False
CUST46899,javier,Mcgee,,805-415-9604x586,2022-01-08,VIP,5412.43,False
CUST48607,BETH,LUNA,fsmith@example.com,,2021-09-06,Premium,9572.86,True
CUST72071,Nathan,merritt,matthewburton@example.org,(995)644-6125,2024-08-16,Basic,8161.89,True
CUST58630,stephen,donaldson,victoriasullivan@example.com,,2021-11-13,VIP,3393.63,False
CUST18079,Jeffrey,JACKSON,wsantos@example.org,,2025-01-08,Basic,6209.8,True
CUST82561,Daniel,mathis,jenniferstewart@example.net,(286)732-2435,2021-11-30,VIP,3534.63,False
CUST20348,angela,VELEZ,,(598)572-9702x1697,2021-10-15,Standard,11357.83,True
CUST31910,David,Brock,johncampos@example.org,001-226-598-7414x4380,2024-03-23,VIP,12338.46,True
CUST87994,ashley,ramirez,lisa23@example.com,(530)714-0285,2025-06-28,Premium,8345.46,False
CUST46202,BOBBY,neal,danielle01@example.com,,2022-01-16,VIP,2244.63,True
CUST83752,Brian,lopez,lisa56@example.com,624.775.8611,2025-02-11,VIP,9821.82,False
CUST32570,lisa,reynolds,xmeyer@example.org,(858)245-4007x74696,2022-12-16,,13343.61,False
CUST41139,Joseph,PARKER,debra11@example.com,367-647-3540x827,2021-03-22,,12260.79,False
CUST50756,judith,navarro,hpage@example.com,7416359445,2023-10-30,Standard,14613.29,False
CUST52056,paul,VARGAS,bearddustin@example.com,001-227-632-7089x246,2025-05-01,Standard,13701.49,False
CUST77698,lindsey,Sexton,michael69@example.org,,2021-11-02,Basic,6050.78,True
CUST32772,Nathan,Wheeler,ian69@example.org,001-466-380-0763x9846,2025-07-28,VIP,5405.63,True
CUST45910,michael,rogers,maria32@example.net,(759)428-5206x2970,2023-09-25,Premium,3629.07,False
CUST87862,jennifer,Jackson,qbrown@example.net,001-403-547-1156x29572,2023-09-26,Basic,12564.81,False
CUST21847,david,Boyer,sarahwhite@example.com,,2025-08-12,Standard,9710.7,True
CUST45269,ERIC,adams,rodriguezrebecca@example.org,(265)772-5980,2023-11-15,Premium,1984.71,True
CUST88792,Jennifer,Lawson,hdominguez@example.net,(988)951-3877,2023-04-22,Basic,10640.52,False
CUST65549,gordon,fleming,littlebrandi@example.org,902.297.3511,2020-08-28,Basic,12364.66,False
CUST23410,Kimberly,MEDINA,ujames@example.net,(744)304-3810x86017,2024-08-26,Basic,8906.59,False
CUST99707,Michael,smith,,984.743.3550x92763,2025-01-26,Basic,3917.2,False
CUST34688,Matthew,MUNOZ,lori94@example.com,+1-844-997-1501x3811,2025-01-10,VIP,10211.34,True
CUST95904,jennifer,smith,meyerwilliam@example.com,001-492-936-5093,2022-11-23,VIP,8745.36,True
CUST54979,TODD,FREEMAN,fernando15@example.com,001-688-981-7032x76317,2025-11-01,VIP,10078.03,False
CUST96194,KAREN,Martinez,jeffrey22@example.net,001-832-924-4643x926,2021-07-16,Basic,8385.47,True
CUST99091,caitlin,BRIGGS,,001-326-622-1922x7775,2024-10-11,Basic,13302.65,False
CUST44152,MEGAN,wade,michaeljuarez@example.com,,2024-09-14,Premium,8753.62,True
CUST35499,BENJAMIN,Davis,jenkinswilliam@example.net,(867)369-6686x828,2023-12-16,Basic,13062.74,True
CUST36253,robert,page,mpena@example.net,+1-416-927-5677x35544,2023-04-26,VIP,12935.91,True
CUST73908,kevin,SPEARS,sgomez@example.net,(697)863-2983,2025-03-01,,4102.92,True
CUST30766,annette,Patel,hunter71@example.net,+1-537-708-5043x975,2021-11-20,VIP,14479.92,False
CUST10611,Jessica,THOMAS,scottjamie@example.net,001-884-559-6010x2167,2023-05-27,Premium,11352.72,True
CUST98702,James,ZIMMERMAN,unelson@example.net,498.727.5569x645,2022-05-14,Basic,1540.62,False
CUST18557,Michael,cunningham,samanthalopez@example.org,001-518-861-1143,2025-08-19,Basic,10301.7,True
CUST74248,kathryn,Robinson,andersonsierra@example.org,001-592-299-5121,2025-11-24,,3364.82,True
CUST12872,JON,THOMAS,bcaldwell@example.com,(701)595-7787x353,2023-03-27,Premium,9604.82,True
CUST87846,Alexander,BROWN,goodbenjamin@example.net,464.614.5821x81182,2022-02-20,Premium,6251.63,False
CUST26199,ROBERT,turner,murphyscott@example.net,,2022-07-28,Premium,9924.97,False
CUST91631,EMILY,SHAFFER,gtorres@example.net,(997)981-8423x42485,2025-07-07,Premium,9265.47,False
CUST24943,Bryan,wilson,normanemily@example.net,,2020-07-22,Basic,14596.8,False
CUST48712,Jeremy,Hamilton,jaime30@example.net,(481)926-6032x9848,2022-03-23,VIP,41.07,True
CUST24474,THOMAS,FRYE,erica31@example.org,748.439.6179,2020-07-15,Premium,1519.36,False
CUST94454,Edward,cooley,roberthancock@example.net,+1-415-611-6607,2019-11-29,VIP,12197.68,True
CUST48085,matthew,GARDNER,teresa41@example.com,428.481.8754x717,2021-09-22,Premium,13354.38,True
CUST28139,KENNETH,MOSS,rwaller@example.net,(348)276-7582,2020-11-09,VIP,4024.64,True
CUST54921,Michelle,Hernandez,andrea13@example.org,001-709-780-7485x522,2025-07-13,Basic,10348.54,False
CUST95045,Randall,Vasquez,davismark@example.net,464.878.6674,2024-01-13,Standard,13668.4,False
CUST84572,ADAM,allen,nhall@example.net,001-826-744-1727x02148,2024-07-26,Basic,12938.64,True
CUST73318,corey,Guerrero,coltonschmidt@example.com,524.318.1580,2023-04-08,Premium,4713.57,True
CUST97797,amanda,ZIMMERMAN,cgardner@example.net,(439)741-0854x645,2025-01-05,Premium,10899.78,False
CUST55318,JAVIER,KIRK,betty44@example.com,,2023-01-16,,14015.57,False
CUST74990,Pamela,Cox,jeffery43@example.net,+1-360-244-7002x749,2021-05-31,Basic,755.26,True
CUST82154,VICTORIA,nelson,tbarnes@example.org,921-655-1450x962,2022-02-06,VIP,8595.52,True
CUST75333,brenda,weaver,hannah25@example.net,001-388-854-0062x0709,2022-11-30,Premium,6185.08,True
CUST21913,ROBERT,POTTS,emunoz@example.com,254-841-8439,2021-06-06,Standard,6843.12,False
CUST17113,Nicholas,mccann,carla03@example.com,(785)960-1328,2023-09-29,VIP,5449.42,False
CUST22771,MELISSA,Henderson,,001-772-579-5309x75998,2020-07-24,Basic,5608.36,True
CUST31516,joel,Martinez,sarah09@example.net,583-609-3085,2024-05-28,VIP,9162.78,True
CUST61497,Mark,ochoa,jessica05@example.net,,2024-10-02,Basic,6217.06,True
CUST69950,STEPHANIE,PARK,robert45@example.org,,2022-12-19,,11043.21,False
CUST73298,GARY,Flores,kevin20@example.net,,2023-11-14,Standard,9862.83,False
CUST76074,andrew,baker,steventaylor@example.org,+1-300-680-2962x18050,2025-04-07,Standard,14453.9,False
CUST69355,John,Pierce,cobrien@example.com,315.374.9374x0418,2024-03-05,Basic,8217.09,False
CUST82559,STEPHEN,Frey,jamesmartinez@example.com,248.744.3794x164,2022-08-31,Basic,13817.88,True
CUST95208,Matthew,POOLE,rmiles@example.com,554-390-2979x2607,2025-01-06,Premium,8434.2,False
CUST98374,DEBBIE,ADAMS,taylor66@example.net,(493)826-5069x6961,2020-02-04,Premium,379.08,True
CUST16955,MATTHEW,Tucker,xhill@example.org,001-701-782-5571x362,2020-01-08,Standard,10250.85,True
CUST18130,ANDREA,brown,umorton@example.com,566.729.8661,2020-06-25,Basic,1537.2,True
CUST94819,ELIZABETH,ibarra,paul19@example.org,426.740.6657,2023-07-28,Basic,704.7,False
CUST60797,stephen,GARCIA,cindymalone@example.com,387-421-1071x41896,2024-03-11,Premium,3046.31,False
CUST39563,MEGAN,ADAMS,brian16@example.org,256-718-1916x95132,2022-06-03,Standard,14464.35,False
CUST68827,Anthony,DICKSON,,642-815-4731,2024-01-25,Premium,6427.62,False
CUST27048,Ruth,LOPEZ,fwelch@example.org,,2021-07-30,VIP,2322.09,True
CUST52287,VALERIE,Watson,xmartinez@example.com,251.928.6537x7529,2021-11-22,Basic,8590.15,False
CUST19552,ELIZABETH,gonzalez,williamsonjames@example.org,694-692-3537,2023-06-30,Premium,2390.56,False
CUST22051,carla,Peterson,jennifermiller@example.com,+1-913-895-2531x370,2025-08-06,Basic,3276.68,False
CUST83575,LAURA,Fernandez,jessicagibson@example.net,844-543-9134x80371,2023-03-01,Standard,9205.52,True
CUST15226,CHRISTINA,fisher,collinsjennifer@example.com,597.377.5210,2022-06-09,Premium,8103.56,False
CUST13238,ASHLEY,thompson,ashleyhill@example.org,001-604-265-5318x6481,2023-05-14,,13474.22,True
CUST51984,CALVIN,Smith,iroberts@example.org,,2019-12-28,Premium,3161.72,True
CUST99837,joseph,Carpenter,shepardcheryl@example.net,001-253-923-6246x797,2020-09-24,VIP,14096.27,True
CUST70191,KATHERINE,walsh,,,2022-04-10,Standard,8371.26,True
CUST43901,michael,adams,qporter@example.net,864-291-3528x7118,2022-09-19,,10099.48,True
CUST94072,NICHOLAS,DORSEY,,(795)397-5075,2024-08-31,Premium,1088.84,True
CUST99899,tyler,MURPHY,,(937)735-1923x31556,2021-03-31,VIP,12331.84,True
CUST30489,CYNTHIA,Wilkerson,shanehowell@example.net,780.342.7586x05489,2024-05-03,Basic,2161.13,False
CUST82551,BROOKE,Scott,stevensonvictoria@example.org,,2024-03-07,VIP,14204.69,False
CUST55069,Amber,wilson,davidjones@example.net,605-929-9708,2020-05-25,Standard,3311.82,False
CUST35470,Charles,Herring,friedmanbenjamin@example.org,8564436168,2025-04-30,Premium,13985.55,False
CUST94498,PAUL,Martinez,kristine72@example.com,,2024-06-22,Premium,8708.93,False
CUST56810,Colin,NGUYEN,davidlawrence@example.com,,2022-05-05,Premium,4766.79,False
CUST53036,VANESSA,MORALES,timothygriffin@example.org,912-631-7687x520,2022-08-22,Basic,14379.88,True
CUST10633,nicole,Booth,jorge14@example.net,593-785-6838,2021-09-26,VIP,5392.29,False
CUST70666,teresa,patel,gjohnson@example.net,+1-812-263-4727,2022-01-02,Premium,9099.41,False
CUST80597,John,short,casey41@example.net,001-452-921-8067x8004,2020-06-30,Premium,12743.81,True
CUST85877,kathy,MELTON,cameronsherri@example.com,,2022-05-09,Basic,14980.92,False
CUST57948,joshua,Butler,davidvalencia@example.org,218-809-8218x955,2021-02-09,Basic,7516.85,True
CUST57692,KRISTOPHER,Gonzalez,hfernandez@example.com,9986544671,2025-10-02,Standard,2105.56,True
CUST84233,JUDY,LEE,soliver@example.net,,2025-07-23,VIP,606.3,False
CUST18239,james,coleman,raymondbray@example.com,251-394-7269x150,2021-08-23,Basic,13768.53,True
CUST15230,CATHERINE,anderson,randallatkinson@example.com,(897)468-5942,2021-06-10,Basic,3949.74,True
CUST59369,JUSTIN,rollins,nmcdonald@example.com,+1-344-477-5493x49138,2021-06-01,Premium,5644.93,True
CUST77681,patrick,martinez,kevinmiller@example.net,001-389-449-9899x27464,2023-01-27,VIP,98.97,True
CUST67658,Joseph,Collins,,001-505-298-0763x22256,2025-11-18,Standard,2360.36,True
CUST96652,Matthew,horne,susan53@example.net,(963)680-9796,2020-01-24,VIP,7185.32,True
CUST94837,alexandra,Williams,candice20@example.org,,2021-05-13,Standard,7689.64,True
CUST17328,Angela,king,patrickjones@example.net,(372)336-3944,2020-02-10,VIP,8454.07,True
CUST96736,melinda,Harris,bmartinez@example.org,(655)816-7277x3314,2021-07-07,VIP,2558.5,False
CUST88753,Benjamin,TUCKER,tracymitchell@example.com,,2022-06-07,Basic,10283.87,False
CUST88188,LESLIE,Owens,farmerronald@example.com,+1-476-792-1680x828,2025-09-25,,7840.67,False
CUST29603,GAIL,Hanson,mitchelljustin@example.com,(976)939-5326x819,2021-04-02,Premium,7971.45,True
CUST22214,charles,JONES,taylorsierra@example.com,496-580-0739,2019-12-14,Premium,11623.06,False
CUST78425,jenna,underwood,vlopez@example.net,001-667-291-4492x23805,2023-01-07,VIP,12034.5,False
CUST55943,HEATHER,MASSEY,amandaadkins@example.com,488.412.0032,2023-08-04,Premium,3817.77,True
CUST47128,TIMOTHY,CAMPBELL,william59@example.org,,2021-06-05,Premium,1767.43,True
CUST59155,GARRETT,Padilla,robinking@example.org,367-883-3240x4105,2021-10-05,Basic,6391.07,False
CUST44249,TODD,mueller,bharris@example.org,+1-549-552-8270x66443,2022-02-01,VIP,6198.42,False
CUST33425,lawrence,PHILLIPS,timothy15@example.org,416-799-0219x0216,2020-06-05,Basic,11612.92,False
CUST28096,GARY,Ward,vincentsalas@example.org,+1-537-373-3380x786,2023-06-10,Standard,7625.15,False
CUST82165,JUSTIN,RUSH,eklein@example.net,,2023-09-22,VIP,79.36,True
CUST29048,samuel,SHAW,maymichael@example.net,,2021-07-29,Standard,9135.43,False
CUST62513,DENISE,BARRETT,angelathompson@example.org,487-728-9031x876,2019-11-27,Premium,12303.43,False
CUST67536,Ryan,Salas,christopher59@example.com,516-926-7773,2025-07-29,Basic,11759.39,True
CUST90634,Richard,ANDERSON,,941.273.5549x61550,2020-01-10,Premium,1302.64,False
CUST62354,nicholas,JACKSON,antoniomcdonald@example.net,6108627119,2024-06-12,Premium,1029.26,True
CUST82036,hunter,REED,greenjoel@example.org,(693)673-0883x2585,2020-04-14,Basic,12232.72,True
CUST89477,Kelly,reynolds,eileen19@example.org,667-895-5696,2025-08-12,Basic,7593.57,True
CUST75951,dakota,lopez,fisherkaylee@example.org,+1-384-779-1668x3642,2023-05-08,Basic,12197.21,False
CUST68034,brenda,RAMIREZ,ylee@example.net,+1-282-899-1088x20204,2024-05-29,Basic,6882.73,False
CUST86916,Zachary,gallagher,mccalllisa@example.com,,2025-08-13,Standard,3448.95,False
CUST64057,catherine,SPENCER,sharon54@example.net,(606)206-6709,2024-09-05,Basic,1395.14,False
CUST19965,JACQUELINE,Adkins,jsanchez@example.com,+1-358-830-9911x3114,2024-01-26,Basic,11192.34,True
CUST75404,CHRISTOPHER,Henderson,christopher97@example.org,632.646.0432x69806,2023-06-30,Basic,3041.5,True
CUST91080,elizabeth,Hall,traci05@example.net,,2021-09-24,Premium,9951.36,True
CUST80972,Colleen,shah,richardsrobert@example.net,001-603-920-5169x27336,2025-04-15,Basic,14765.92,False
CUST62150,Patrick,DIAZ,rcantu@example.com,221.912.9594,2021-05-21,VIP,8111.52,False
CUST61605,TRACY,Elliott,michael32@example.com,,2024-10-29,VIP,126.28,True
CUST59732,MIRANDA,Stanton,bhall@example.net,959-303-8141,2023-10-27,Basic,3942.74,False
CUST71780,SHEILA,davis,richardsonalyssa@example.org,8545535390,2025-09-07,Standard,11282.94,False
CUST62506,brittney,russell,epadilla@example.org,,2024-02-01,Standard,10812.23,True
CUST82789,scott,tucker,nhudson@example.com,001-244-346-5256x7137,2020-05-04,Standard,146.13,False
CUST75483,Dominic,FRANCO,mcdonaldstephanie@example.net,(967)668-6731,2023-07-27,VIP,8432.08,True
CUST62219,Mark,HILL,wilkinskristopher@example.com,929.827.0960x0608,2020-07-24,Basic,9447.93,False
CUST53864,jessica,soto,bfry@example.org,001-753-366-8131,2023-11-25,Basic,6176.41,False
CUST99074,MICHAEL,Lynch,martineztravis@example.net,001-336-994-3922x31832,2022-06-06,Standard,4269.13,False
CUST98236,MELINDA,morris,taylorstephanie@example.net,001-292-466-1063,2020-06-13,Premium,4297.85,True
CUST31964,STEPHANIE,dougherty,afrancis@example.org,974.867.7627x453,2021-07-17,VIP,1070.16,True
CUST55039,Charles,russell,gutierrezjames@example.net,290.345.9847,2022-11-08,Basic,5931.83,False
CUST57600,GINA,SCHMIDT,angelagarcia@example.net,001-208-627-6347,2023-09-22,Standard,346.52,True
CUST96772,michael,RIVERA,sarahbryant@example.com,,2023-12-11,Standard,1433.31,False
CUST81884,Robin,Robinson,jlarson@example.org,646-557-4491x4642,2023-04-13,Premium,9271.53,True
CUST95830,walter,schmidt,lovethomas@example.org,+1-319-417-8652x58675,2022-04-29,VIP,1969.16,True
CUST13744,Richard,WRIGHT,boyerkelly@example.com,682.349.1893x24378,2023-08-22,VIP,13063.47,False
CUST81898,paul,Rice,gary83@example.org,(885)664-1341x68474,2020-03-11,Standard,6848.15,False
CUST78610,KATHRYN,ANDERSON,christineallen@example.net,001-955-382-3026x7169,2020-04-07,VIP,12070.62,False
CUST50352,kelly,clark,jennifer61@example.org,449-293-3598,2025-06-18,Premium,11374.4,True
CUST55073,sarah,hernandez,millermichael@example.net,001-751-519-5721,2021-01-12,VIP,7156.01,True
CUST66418,betty,CRAWFORD,perezangela@example.com,,2024-12-02,Basic,13232.43,False
CUST61740,Patricia,Chang,itorres@example.net,001-938-637-7607x48982,2025-08-18,VIP,1188.15,True
CUST77713,ASHLEY,JONES,gutierrezhunter@example.com,(574)636-9115,2021-10-03,Basic,12802.23,True
CUST27907,alfred,Ryan,umclaughlin@example.com,(202)975-5268x27025,2022-03-01,Basic,7379.94,False
CUST12542,Kristen,Walker,jamesnewton@example.com,,2020-07-16,Premium,1875.59,False
CUST11075,Jeffery,Bell,lindsay75@example.net,721.922.8811,2023-05-23,Basic,11785.88,False
CUST58679,david,SNYDER,ytorres@example.net,841-217-1326,2025-11-12,Standard,11634.79,True
CUST81197,cassandra,Gilbert,elizabeth13@example.org,+1-502-827-4207x06265,2024-05-12,VIP,1829.42,True
CUST60436,melanie,Smith,meyershelly@example.net,,2025-06-16,VIP,1409.4,True
CUST71974,joe,DANIELS,jeffrey16@example.net,(763)690-0300x4834,2025-02-25,Standard,632.79,True
CUST43202,ashley,FOSTER,davidoneill@example.com,001-441-350-1983x0077,2022-01-02,Premium,3266.82,True
